类型,店铺名,店链接,商品名,商品链接,旺旺名,信用,电话1,电话2,销量,中评,差评,好评率,描述,描述同比,服务,服务同比,物流,物流同比,公司名,所在地,类目Id,类目
淘宝,大连辽洋海味零食店,https://shop60161619.taobao.com/,大连玉洋 海王九岛太极虾 鲜味真空即食虾仁 海鲜特产零食250克,https://item.taobao.com/item.htm?id=522163808999,大连19850429,16,13478919223,,0,0,0,0,4.8723,高于33.19%,4.90512,高于42.19%,4.8992分,高于36.17%,,,0,
企业,818健身器材,https://shop35258675.taobao.com/,杠铃杆划船平行把手爆发力练背拉背马鞍背肌地雷架炮筒核心训练器,https://item.taobao.com/item.htm?id=565137878261,燕赵文化礼品,13,0312-2588027,13785286055,0,0,0,0,4.78589,低于1.24%,4.76399,低于2.12%,4.78832分,低于1.66%,,,0,
淘宝,阳阳天使童装,https://shop34291329.taobao.com/,女童洋气外套中大童装儿童风衣13女孩12春装15岁春秋款2021年春季,https://item.taobao.com/item.htm?id=564920665015,zq3943500,16,18252551109,18252551109,0,0,0,0,4.84332,高于7.76%,4.87167,高于9.56%,4.87753分,高于8.17%,,,0,
淘宝,伊诺美家,https://shop100780641.taobao.com/,定做椅套桌椅套布艺套装家用酒店餐厅餐凳子套椅子套罩加厚棉麻,https://item.taobao.com/item.htm?id=569348534833,伊诺美家,11,,13294236638,0,0,0,0,4.87671分,高于31.74%,4.90411分,高于39.14%,4.90411分,高于36.96%,,,0,
淘宝,YUANYIN原隐阿毛极简,https://shop63520799.taobao.com/,原隐复古加厚秋冬马海毛中长款粗棒灯笼袖长袖宽松上衣开衫毛衣女,https://item.taobao.com/item.htm?id=560949133417,黑羽圣域,12,,18740810518,0,0,0,0,4.90995分,高于47.54%,4.94313分,高于58.81%,4.93839分,高于53.42%,,,0,
淘宝,艾玛礼物EMMAGIFT,https://shop57093940.taobao.com/,JS创意海豚拍拍灯鲸鱼生日少女心礼物送女朋友带礼盒新年闺蜜走心,https://item.taobao.com/item.htm?id=559376514941,小浣熊婷儿,15,,18857375346,0,0,0,0,4.87155分,高于28.88%,4.92356分,高于51.48%,4.91604分,高于44.80%,,,0,
淘宝,安且吉兮户外园艺,https://shop116404948.taobao.com/,户外阳台防腐木地板庭院休闲实木景观平台花园草坪大台阶组合坪台,https://item.taobao.com/item.htm?id=559869561821,aj_赵健楠,12,,18757252154,0,0,0,0,4.92063,高于42.56%,4.92593,高于37.56%,4.92593分,高于35.57%,,,0,
企业,小圆妈妈,https://shop105133654.taobao.com/,单本咨询 圆妈推荐4本启蒙幼儿宝宝昆虫益智故事书绘本男女孩礼物,https://item.taobao.com/item.htm?id=556399291071,猪肉馅饼77,14,,13502859108,0,0,0,0,4.83898,高于5.22%,4.87737,高于13.59%,4.87238分,高于4.33%,,,0,
企业,集成墙板新型材料厂,https://shop110665556.taobao.com/,300mm600mm宽400竹木纤维pvc石塑钢快装集成墙板护墙板生产厂家,https://item.taobao.com/item.htm?id=555382463378,lxscpk,9,15837396824,18603739625,0,0,0,0,4.92105,高于8.51%,4.92105,持平0.10%,4.88596分,低于0.71%,,,0,
淘宝,拓亿仕兵人偶模玩,https://shop60964866.taobao.com/,现货Fire Girl Toys 1/6 铁血战士异形契约 幼虫 扒脸虫 场景道具,https://item.taobao.com/item.htm?id=551167338521,御车族批发投诉售后,14,0591-87339089,18659196056,0,0,0,0,4.90076分,高于31.06%,4.9084分,高于25.35%,4.92366分,高于37.12%,,,0,
企业,传播者饮品体验中心,https://shop125213277.taobao.com/,比亚乐 韩国进口蜂蜜柚子茶1150g 蜜炼水果味果酱 水果茶冲饮饮料,https://item.taobao.com/item.htm?id=520363522641,linggancafe,11,021-32569899,13681778771,0,0,0,0,5.0,高于100.00%,5.0,高于100.00%,5.0分,高于100.00%,,,0,
淘宝,六合天云阁,https://shop115993749.taobao.com/,天然根雕花架底座原木客厅盆景鱼缸架实木树根艺阳台摆件大盆绿萝,https://item.taobao.com/item.htm?id=547100453803,zxg91888888,12,,18005993639,0,0,0,0,4.84255分,低于1.45%,4.8766分,低于0.93%,4.79149分,低于2.63%,,,0,
淘宝,昨日田园,https://shop35286052.taobao.com/,欧式乡村复古做旧烛台烛光晚餐道具家居浪漫灯蜡烛台婚庆四头铁艺,https://item.taobao.com/item.htm?id=561276217546,happyxiaoqianqian,14,,15861328921,0,0,0,0,4.76112分,低于3.11%,4.82702分,低于1.94%,4.86161分,低于1.21%,,,0,
淘宝,一人二两农家小店,https://shop70131814.taobao.com/,桂圆肉干500g包邮无核广西特级龙眼肉干6A干桂圆肉新货无核煲汤料,https://item.taobao.com/item.htm?id=522197101122,贰爱壹家居,16,,18107570230,0,0,0,0,4.80715,持平0.10%,4.83109,持平0.10%,4.8162分,低于0.53%,,,0,
淘宝,华麟拼装玩具,https://shop59711624.taobao.com/,皇冠桌上冰球机空气桌气悬球家庭体育亲子玩具儿童礼物3-6-8岁男,https://item.taobao.com/item.htm?id=9626822205,apple070331,13,,18970074365,0,0,0,0,4.87188,高于24.58%,4.8875,高于20.73%,4.8625分,持平0.10%,,,0,
企业,温馨家苑,https://shop34066911.taobao.com/,美式钢琴罩半罩现代简约钢琴布巾欧式轻奢公主布艺防尘三件套全罩,https://item.taobao.com/item.htm?id=556250748978,温馨家苑,13,0570-7015852,13567067987,0,0,0,0,4.9578,高于76.63%,4.96514,高于77.87%,4.94495分,高于63.81%,,,0,
淘宝,曦淇家居工厂直销,https://shop61294748.taobao.com/,欧式干果盘糖果盒分格带盖客厅创意水果盘茶几瓜子零食盒实木包邮,https://item.taobao.com/item.htm?id=566388541021,一缕缕晨曦,13,13922105959,18820001616,0,0,0,0,4.87426分,高于30.38%,4.89793分,高于35.21%,4.89645分,高于31.92%,,,0,
淘宝,万和园艺,https://shop34206668.taobao.com/,GREEN CROSS 玫瑰打刺钳 除刺钳 花艺工具 玫瑰去刺工具 日本进口,https://item.taobao.com/item.htm?id=548098697237,siruiliang,14,,13597821680,0,0,0,0,4.91057分,高于35.28%,4.92683分,高于38.32%,4.93699分,高于45.19%,,,0,
淘宝,云南普洱茶 云南金璞,https://shop104727487.taobao.com/,云南普洱茶 醇正勐海陈香宫廷 普洱散茶 熟茶 1000克 木盒装 包邮,https://item.taobao.com/item.htm?id=22436771378,云南金璞号,11,,15887051592,0,0,0,0,4.88189,高于38.05%,4.90551,高于42.38%,4.88976分,高于30.22%,,,0,
淘宝,松友家居工厂店,https://shop110888186.taobao.com/,松友儿童学习桌实木儿童书桌儿童桌椅套装小学生写字桌作业桌家用,https://item.taobao.com/item.htm?id=541764294532,松友家居,13,18366081531,15562044411,0,0,0,0,4.88628分,低于0.56%,4.90975分,持平0.26%,4.84657分,低于1.51%,,,0,
淘宝,HK港货ing,https://shop109444028.taobao.com/,香港采购虎标镇痛药布虎牌贴膏虎标贴布27片优惠装,https://item.taobao.com/item.htm?id=563665836394,秋高气双9,11,13652312379,,0,0,0,0,4.88764分,高于37.79%,4.88764分,高于28.68%,4.8764分,高于18.74%,,,0,
企业,世好多食品,https://shop57655251.taobao.com/,爆口福爆米花专用油 奶香味黄油椰子油原料 可爆蝶形球形桶装4L,https://item.taobao.com/item.htm?id=567176470350,秋水人家sm,15,,18658258261,0,0,0,0,4.8451,高于18.96%,4.84575,高于6.01%,4.84183分,持平0.10%,,,0,
淘宝,赞美真丝布料店,https://shop72708867.taobao.com/,100%重磅桑蚕丝真丝面料布料素绉缎重磅柔软真丝服装零布称斤处理,https://item.taobao.com/item.htm?id=563974520848,百小事可小乐,15,,18657621609,0,0,0,0,4.86798分,高于26.90%,4.90705分,高于41.00%,4.91853分,高于46.44%,,,0,
淘宝,恒辉模型 十一年匠心,https://shop34986426.taobao.com/,恒辉模型 富士美 46050 1/700 日本战舰 金号  拼装船模,https://item.taobao.com/item.htm?id=625672984869,hhmodel,17,021-54360379,13585922663,0,0,0,0,4.95171分,高于66.46%,4.95912分,高于66.68%,4.93327分,高于45.04%,,,0,
淘宝,蓝天风筝店,https://shop115752910.taobao.com/,潍坊风筝 高档不锈钢手握绕线轮 风筝放飞工具 大轴承静音包邮,https://item.taobao.com/item.htm?id=564829800492,潍坊良伟,14,,15265622215,0,0,0,0,4.88537分,高于25.55%,4.91119分,高于33.14%,4.89122分,高于16.87%,,,0,
淘宝,看山,https://shop33781194.taobao.com/,2020年知春古树红茶 早春头采500克凤庆功夫滇红散茶中焙高香包邮,https://item.taobao.com/item.htm?id=558543596105,小路猪猪,12,,13678781601,0,0,0,0,4.93295,高于64.92%,4.94722,高于67.84%,4.95007分,高于68.38%,,,0,
淘宝,精品先天下11,https://shop70268196.taobao.com/,金利来男鞋专柜正品鞋秋季新款专柜正品鞋套脚真皮商务休闲皮鞋男,https://item.taobao.com/item.htm?id=548356093405,精品先天下11,13,15933311730,15933311730,0,0,0,0,4.81818分,持平0.21%,4.84168分,持平0.42%,4.85714分,持平0.22%,,,0,
淘宝,熙宸食品,https://shop68200019.taobao.com/,特价Hormel Bacon Bits 荷美尔 培根碎片2kg碎培根片披萨汉堡西餐,https://item.taobao.com/item.htm?id=561188346421,wzh790821,16,,13916237845,0,0,0,0,4.93459,高于65.78%,4.94238,高于64.89%,4.93604分,高于59.50%,,,0,
淘宝,OLD BUY 老白の店 阿,https://shop72138448.taobao.com/,阿美咔叽日本冈山帆布鞋久留米手工硫化鞋男女情侣低帮复古休闲鞋,https://item.taobao.com/item.htm?id=558144627990,棉攻厂,14,18623092913,,0,0,0,0,4.84056,高于7.08%,4.87093,高于6.46%,4.87744分,高于7.27%,,,0,
淘宝,【齐鲁商盟】朔风来袭,https://shop67284608.taobao.com/,孔明锁鲁班锁解锁解环拆解休闲益智古典儿童玩具榉木精品全套,https://item.taobao.com/item.htm?id=555068563848,朔风来袭,13,17009269266,,0,0,0,0,4.80247分,低于0.57%,4.90123分,高于30.40%,4.87654分,高于7.44%,,,0,
淘宝,古谷屋日本进口家居,https://shop35738242.taobao.com/,室内除湿袋可挂式吸水干燥剂家用衣橱柜吸潮学生宿舍房间防潮防霉,https://item.taobao.com/item.htm?id=565645307102,心仪家居,19,18314961230,,0,0,0,0,4.87927,高于33.20%,4.90753,高于41.43%,4.90558分,高于38.00%,,,0,
淘宝,春天户外家具,https://shop106328860.taobao.com/,户外烧烤桌椅家用木炭架烧烤炉庭院花园露天铁艺休闲室外铸铝桌椅,https://item.taobao.com/item.htm?id=547801724153,amt9966,12,18676508252,,0,0,0,0,4.95883分,高于52.29%,4.96516分,高于55.15%,4.95249分,高于39.91%,,,0,
淘宝,创意之富,https://shop109564129.taobao.com/,大红酸枝多宝阁红木博古架实木中式小摆件展示架雕花茶具架古董架,https://item.taobao.com/item.htm?id=544114532543,创意之富,11,,13705968282,0,0,0,0,4.99734分,高于96.92%,4.99734分,高于96.58%,4.99468分,高于93.27%,,,0,
企业,恐怖来袭,https://shop66180798.taobao.com/,万圣节珍藏版蚁人战士头盔cosplay搞笑头套那女狼人成人面具,https://item.taobao.com/item.htm?id=521063491948,长城工艺8201,12,05993823382,15355383788,0,0,0,0,4.83741,持平0.38%,4.87248,持平0.10%,4.8491分,低于0.60%,,,0,
淘宝,巧手之家福禄庄园,https://shop73412662.taobao.com/,天然大葫芦摆件特大天然巨型大号开口厕所化煞挂件辟邪镇宅烙画,https://item.taobao.com/item.htm?id=563826682885,建安工艺路,13,13863538225,18863538558,0,0,0,0,4.97739,高于73.80%,4.98191,高于76.71%,4.97664分,高于70.45%,,,0,
淘宝,微纳家居日本进口家居,https://shop109433684.taobao.com/,韩国洗衣机槽清洗剂滚筒全自动波轮杀菌消毒除垢清洁粉通用 3包装,https://item.taobao.com/item.htm?id=563527912141,tb29353269,18,18957987575,18957987575,0,0,0,0,4.84637,高于14.99%,4.87933,高于23.57%,4.87681分,高于19.11%,,,0,
企业,宝堡乐,https://shop144844583.taobao.com/,马利牌 丙烯颜料100ml 马利A1100 墙绘 手绘颜料 DIY创作,https://item.taobao.com/item.htm?id=553393190631,宝堡乐magic,12,,17708333424,0,0,0,0,4.9173,高于51.32%,4.92956,高于50.37%,4.93262分,高于49.49%,,,0,
企业,TRD特伦德手工鞋官方,https://shop65921946.taobao.com/,TRD新款英伦复古三接头皮鞋男真皮商务正装皮鞋反绒皮时尚牛津鞋,https://item.taobao.com/item.htm?id=569026292719,避风港59,14,,18122407069,0,0,0,0,4.89534,高于39.02%,4.92689,高于47.05%,4.91182分,高于33.34%,,,0,
淘宝,啊咿哇呀的小店,https://shop127206170.taobao.com/,正品现货美国POLO Ralph Lauren儿童男童装圆领毛衣针织衫,https://item.taobao.com/item.htm?id=595236119326,ayiwaya,10,,13915508215,0,0,0,0,4.90071,高于41.55%,4.9078,高于35.03%,4.9078分,高于30.88%,,,0,
淘宝,AVIVA 地球店,https://shop60769312.taobao.com/,牛仔连衣裙女春秋2021年新款高腰欧洲站修身收腰显瘦欧货衬衫短裙,https://item.taobao.com/item.htm?id=566330713781,aviva_j,17,4001636017,18123926290,0,0,0,0,4.82837分,持平0.10%,4.86653分,高于3.34%,4.87815分,高于7.88%,,,0,
企业,乐途自行车户外,https://shop64980940.taobao.com/,禧玛诺7山地自行车24速9卡式飞轮27旋式10后6齿轮30配件11xt九十8,https://item.taobao.com/item.htm?id=558953992930,l了解2503,16,13682661015,0755-89338190,0,0,0,0,4.87742,高于20.35%,4.89563,高于21.42%,4.88956分,高于15.59%,,,0,
淘宝,5D模型,https://shop442954004.taobao.com/,5D模型 鸠极预调漆 免稀释UG高达专用色系军事模型喷涂上色油性漆,https://item.taobao.com/item.htm?id=597027909492,皮皮想买东东,16,,15816842898,0,0,0,0,4.94953分,高于64.94%,4.95317分,高于61.83%,4.93435分,高于45.93%,,,0,
企业,石家庄丰成合商贸,https://shop116428176.taobao.com/,荷花酒 圣地柏坡情酒荷花酒42度500mlX4瓶 白酒整箱特价 河北特产,https://item.taobao.com/item.htm?id=562448768360,133lxl,9,,18031926595,0,0,0,0,4.7963,持平0.27%,4.85185,高于9.65%,4.87963分,高于23.81%,,,0,
天猫,妙优童旗舰店,https://shop112005312.taobao.com/,儿童袜子春秋薄款纯棉婴儿宝宝男童女童袜新生儿春夏中筒夏季船袜,https://item.taobao.com/item.htm?id=537336714609,妙优童旗舰店,0,13655751817,,0,0,0,100,4.86163分,持平,4.85211分,持平,4.85878分,持平,上海童人服饰有限公司,,0,
淘宝,绣架工坊,https://shop73017061.taobao.com/,琴棋书画1.5米 十字绣架子不锈钢绣刺绣十字绣的架子可调包邮大号,https://item.taobao.com/item.htm?id=529306211001,梅林黛玉6,12,,13483974158,0,0,0,0,4.86653分,高于26.10%,4.90554分,高于40.04%,4.90349分,高于36.55%,,,0,
淘宝,半梵工作室,https://shop33123934.taobao.com/,原创女包真皮托特包大容量手工包牛皮大包手提包女包包2020新款潮,https://item.taobao.com/item.htm?id=544288897561,xuteng_gjw,12,,15957987980,0,0,0,0,4.86918分,高于23.76%,4.9086分,高于33.76%,4.92473分,高于43.05%,,,0,
淘宝,佐夫高端包袋,https://shop58838827.taobao.com/,ZUOFU 荔枝纹真皮铂金包头层牛皮手提包牛皮单肩斜跨包真皮女包,https://item.taobao.com/item.htm?id=547353301907,duzhenfu,12,,18267135660,0,0,0,0,4.7993,低于0.60%,4.85563,持平0.13%,4.8662分,持平0.10%,,,0,
淘宝,贻鑫堂,https://shop281118966.taobao.com/,桃胶天然野生珍珠500g包邮食用云南特级桃花泪非皂角米雪燕组合,https://item.taobao.com/item.htm?id=557208256242,贻鑫堂,16,,15969550015,0,0,0,0,4.8335分,高于12.90%,4.8712分,高于21.52%,4.88095分,高于24.61%,,,0,
淘宝,神烦运动,https://shop69894112.taobao.com/,UA安德玛运动头带男 夏季篮球止汗头巾女 正品跑步健身吸汗束发带,https://item.taobao.com/item.htm?id=562385735121,涂贞强,9,,13349853854,0,0,0,0,4.85714分,高于7.22%,4.87302分,高于4.40%,4.8254分,低于0.90%,,,0,
淘宝,欧品生活店,https://shop59718018.taobao.com/,德国MODERN钱夹防盗刷防消磁金属卡包NFC卡套 卡盒男超薄RFID卡夹,https://item.taobao.com/item.htm?id=546701820357,longyu2006sz,15,,13798382679,0,0,0,0,4.91935分,高于42.70%,4.94355分,高于54.92%,4.94342分,高于53.12%,,,0,
企业,爱当家玩具星,https://shop70379751.taobao.com/,战甲强化RODAMS1:72RAS-30GP03S GP03D 大冰箱 背包拼装模型,https://item.taobao.com/item.htm?id=627282476864,junliang228,15,010-89205724,18801333622,0,0,0,0,4.94926,高于64.77%,4.95518,高于63.49%,4.95137分,高于59.96%,,,0,
企业,贺店美玉,https://shop108316783.taobao.com/,酒泉夜光杯祁连玉夜光杯武山鸳鸯玉甘肃贺店玉雕高脚杯酒杯墨玉壶,https://item.taobao.com/item.htm?id=549482342488,游程网88,9,18294225512,18093863443,0,0,0,0,4.91057,高于36.77%,4.94167,高于49.81%,4.93333分,高于39.86%,,,0,
企业,金属时代,https://shop102189879.taobao.com/,持雍收边条地板地砖条压条瓷砖收口包边条封边铝合金属隔条门槛条,https://item.taobao.com/item.htm?id=560870543378,企鹅乖乖跳,14,18125658910,18169893111,0,0,0,0,4.85133,低于1.27%,4.85326,低于1.40%,4.87201分,低于1.00%,,,0,
淘宝,模动魂商城,https://shop60101830.taobao.com/,包邮模动魂现货高达福袋正品万代SDHG拼装RG敢达MG模型PG合金着色,https://item.taobao.com/item.htm?id=564897573617,陈凌zero,12,,18688854484,0,0,0,0,4.89251分,高于25.33%,4.86319分,持平0.29%,4.89251分,高于11.47%,,,0,
淘宝,陶陶宠物用品,https://shop60895901.taobao.com/,克莉斯汀森克里斯汀森丝仙丝蛋白猫咪狗狗开结护毛素猫防静电精油,https://item.taobao.com/item.htm?id=7799950754,陶陶家的小四,13,13373515251,,0,0,0,0,4.93226分,高于50.90%,4.94677分,高于55.04%,4.94839分,高于55.02%,,,0,
淘宝,美丽总动员精品女装店,https://shop34811407.taobao.com/,职业西装套装男女同款2020春款深紫色时尚气质工作服修身商务正装,https://item.taobao.com/item.htm?id=554005561458,美丽总动员2008,13,18007698050,18007698050,0,0,0,0,4.76847分,低于1.24%,4.80693分,低于1.13%,4.78713分,低于1.66%,,,0,
淘宝,爱布饰手系列家饰,https://shop72653020.taobao.com/,高档欧式香槟绸缎布蕾丝电视套55寸65寸70寸曲面电视机罩电视蒙,https://item.taobao.com/item.htm?id=560238456724,梁鹏飞0687,14,,13269458738,0,0,0,0,4.85112分,高于17.62%,4.87349分,高于19.87%,4.8821分,高于22.58%,,,0,
企业,展辉食品,https://shop524587815.taobao.com/,台湾大号紫薯手抓饼面饼山东煎饼 商用非家庭装包邮早餐100片120g,https://item.taobao.com/item.htm?id=562627880801,重庆展辉食品,15,023-67087286,13012330379,0,0,0,0,4.80888,持平0.10%,4.82279,持平0.27%,4.78185分,低于1.24%,,,0,
淘宝,一力米灰 定制女鞋,https://shop110926899.taobao.com/,一力米灰2021新款一字扣带露趾粗跟百搭晚晚凉鞋女真皮中跟鞋女夏,https://item.taobao.com/item.htm?id=554131488522,我小圈圈,17,028-64700882,17381963808,0,0,0,0,4.71595分,低于2.33%,4.76513分,低于1.99%,4.7928分,低于1.54%,,,0,
淘宝,简爱全屋定制,https://shop115559111.taobao.com/,简爱定制餐边柜储物柜微波炉烤箱柜茶水柜备餐柜碗碟柜简约现代,https://item.taobao.com/item.htm?id=568961264121,王萌小屋,7,010-84253178,15811222880,0,0,0,0,5.0分,高于100.00%,5.0分,高于100.00%,4.98611分,高于82.43%,,,0,
企业,鸿浩厨房用品店,https://shop104598115.taobao.com/,山西面食工具 抿蝌蚪 抿豆面 抿圪斗手动压面器 蝌蚪面不锈钢抿床,https://item.taobao.com/item.htm?id=554143883748,长鸿1987,14,0663-8700345,13380576705,0,0,0,0,4.84577,高于14.61%,4.85572,高于8.42%,4.84743分,持平0.10%,,,0,
淘宝,大哥哥家,https://shop109330645.taobao.com/,2021新款尖头大红色5cm高跟鞋细跟方扣香槟色单鞋女绿色新娘婚鞋,https://item.taobao.com/item.htm?id=560568376733,5201314gqiy,13,15018089015,15018089015,0,0,0,0,4.85304分,高于14.35%,4.88368分,高于15.70%,4.89996分,高于24.31%,,,0,
淘宝,龙祺轩家具工厂店,https://shop110115255.taobao.com/,欧式卧室皮沙发凳床尾收纳凳换鞋凳实木简约现代长方形客厅储物凳,https://item.taobao.com/item.htm?id=561853432743,l袁龙,9,,15850020692,0,0,0,0,4.96591分,高于60.49%,4.97159分,高于63.43%,4.97159分,高于64.07%,,,0,
淘宝,仙德曼生活馆,https://shop59929261.taobao.com/,台湾家用焖烧锅超长保温316不锈钢仙德曼免火再煮锅大容量保温锅,https://item.taobao.com/item.htm?id=543550432879,国绣艺术,14,18621656069,,0,0,0,0,4.89483分,高于41.77%,4.91765分,高于47.73%,4.92408分,高于50.09%,,,0,
企业,青枫食品,https://shop63818315.taobao.com/,洪濑鸡爪红毛食品福建泉州特产鸡爪香辣卤香卤鸡爪包邮,https://item.taobao.com/item.htm?id=566674011168,青枫名韵,16,,18120852675,0,0,0,0,4.81937,高于5.50%,4.85908,高于14.14%,4.86037分,高于11.58%,,,0,
企业,雅科达户外战术装备,https://shop70517664.taobao.com/,雅科达真人CS战术背心军迷战术装备用品作战马甲6094战术背心马甲,https://item.taobao.com/item.htm?id=566154732405,雅科达旅游用品,13,020-36987300,18928277274,0,0,0,0,4.93624,高于58.59%,4.92114,高于40.63%,4.94128分,高于55.12%,,,0,
淘宝,AILTO爱乐陶,https://shop60147151.taobao.com/,软陶粘土ob11娃头作品上色染色腮红眼影渐变渲染色粉棒36色一盒,https://item.taobao.com/item.htm?id=559344977265,迷泥小猪,15,15058859850,,0,0,0,0,4.91346分,高于39.89%,4.93697分,高于48.63%,4.94017分,高于50.72%,,,0,
淘宝,厨呱呱食品,https://shop101385964.taobao.com/,正宗顺德火焰醉鹅酱料桶装12斤秘制焖鹅酱汁配方火锅料调味酱商用,https://item.taobao.com/item.htm?id=550896848166,gzccq16888,12,13480241811,13480241811,0,0,0,0,4.84666,高于19.57%,4.86678,高于18.76%,4.86848分,高于16.75%,,,0,
天猫,江博士官方旗舰店,https://shop58638384.taobao.com/,优雅公主鞋每一步都是浪漫童话,https://item.taobao.com/item.htm?id=634653651015,江博士官方旗舰店,0,0757-85778871,18138339520,0,0,0,100,4.8832分,高于1.88%,4.86322分,持平,4.88714分,高于4.77%,广东足迹鞋业有限公司,广东 佛山,0,
淘宝,雪丘岛户外,https://shop65660796.taobao.com/,雪丘岛四季款冲锋裤防风防水全压胶宽松版型带透气拉链冲锋裤女,https://item.taobao.com/item.htm?id=561031924620,雪丘岛,15,18113968844,18113968844,0,0,0,0,4.87595分,高于19.43%,4.90155分,高于25.88%,4.90007分,高于23.63%,,,0,
淘宝,树仁家具厂,https://shop57062369.taobao.com/,红木家具鸡翅木茶桌椅组合1.68到2米茶台实木新中式功夫茶桌茶几,https://item.taobao.com/item.htm?id=559147703285,fancco,10,,13929062889,0,0,0,0,4.94784分,高于39.55%,4.95324分,高于39.80%,4.92806分,高于9.01%,,,0,
淘宝,牛男健身海淘补剂店,https://shop107719885.taobao.com/,新款眼镜蛇氮泵 幽灵氮泵 Shadow-X 30份原装现货 增力量 耐力,https://item.taobao.com/item.htm?id=524378030636,牛男健身补剂店,13,,13606326456,0,0,0,0,4.935分,高于66.00%,4.945分,高于66.49%,4.94438分,高于64.78%,,,0,
淘宝,原味坊烘焙五谷现磨豆,https://shop58290714.taobao.com/,熟五谷豆浆原料 熟黑豆5斤装 低温烘焙现磨豆浆散装配料五谷杂粮,https://item.taobao.com/item.htm?id=566796553502,wuxue0907,13,18923444192,18520895560,0,0,0,0,4.87648分,高于35.38%,4.90736分,高于43.55%,4.88955分,高于30.06%,,,0,
淘宝,吉井家,https://shop34469505.taobao.com/,【吉井家】日本制Jogan成KI.RA.RA五层棉纱布马卡龙干发帽吸水,https://item.taobao.com/item.htm?id=560748793192,鬼鬼0928,14,0512-58777520,18913604520,0,0,0,0,4.90348分,高于46.59%,4.92959分,高于55.40%,4.93038分,高于54.28%,,,0,
淘宝,九久欢乐购,https://shop105628295.taobao.com/,寿司料理紫菜包饭寿司海苔烤紫菜1一次烤100张片食材材料散装黑色,https://item.taobao.com/item.htm?id=554504311622,zhang52036jj,14,,15051182952,0,0,0,0,4.88406,高于39.19%,4.90166,高于40.03%,4.89648分,高于34.48%,,,0,
企业,型动帮,https://shop63664592.taobao.com/,1/6兵人模型MINITIMES M016洛杉矶女警 现代美军LAPD女兵人SWAT,https://item.taobao.com/item.htm?id=613473756650,型动帮,13,,13270073848,0,0,0,0,4.92405,高于47.24%,4.92405,高于38.10%,4.98734分,高于89.57%,,,0,
淘宝,双兔椅套,https://shop34757141.taobao.com/,comb i康贝 aprica 阿普丽佳BB餐椅 防污套 防水套子,https://item.taobao.com/item.htm?id=549111141545,小儿郎代言人,12,,13758618170,0,0,0,0,4.83375分,高于8.01%,4.82878分,持平0.28%,4.85856分,高于7.12%,,,0,
淘宝,骑士网自营店,https://shop68256194.taobao.com/,骑士网倍耐力天使CT轮胎 110/130/140/150/70-17 Z250 GW CBR GPR,https://item.taobao.com/item.htm?id=550622633285,zzgscxh,15,18758137401,,0,0,0,0,4.90979分,高于44.42%,4.92444分,高于47.92%,4.90629分,高于34.25%,,,0,
企业,配餐消毒柜厂家直销网,https://shop58686289.taobao.com/,双门消毒柜大理石柜商用大型消毒碗柜无抽餐具茶水配餐柜1米宽,https://item.taobao.com/item.htm?id=563513052688,pli524231,10,,13202878048,0,0,0,0,4.91071,高于36.56%,4.93155,高于45.33%,4.93452分,高于45.75%,,,0,
淘宝,正东摩配 摩托车改装,https://shop63803639.taobao.com/,摩托车改装跑车川崎黄龙大排量直通炮筒SC网盖炸街天蝎排气管通用,https://item.taobao.com/item.htm?id=558684545834,moto由我,14,,15921244554,0,0,0,0,4.76302分,低于1.54%,4.75521分,低于2.05%,4.70573分,低于3.12%,,,0,
淘宝,COOLCORE品牌直销店,https://shop114479796.taobao.com/,coolcore擦汗巾运动手腕毛巾吸汗速干健身房跑步冷感冰凉巾女男,https://item.taobao.com/item.htm?id=557337435077,909131677afs,14,,18653254488,0,0,0,0,4.90816分,高于40.35%,4.93197分,高于48.78%,4.92857分,高于45.41%,,,0,
淘宝,木秀流年家具工厂店,https://shop62498056.taobao.com/,家用梯子椅子 折叠椅楼梯椅梯子椅 实木梯凳楼梯椅 凳子木梯梯凳,https://item.taobao.com/item.htm?id=530798717253,meng448,10,,13161288816,0,0,0,0,4.96774,高于62.61%,4.97235,高于64.39%,4.97235分,高于65.01%,,,0,
淘宝,吾倪季,https://shop34103370.taobao.com/,JINIWU吾倪季男士休闲皮鞋厚底增高鞋德比金属头英伦皮鞋潮流男鞋,https://item.taobao.com/item.htm?id=543499457625,andynw,14,,18006884989,0,0,0,0,4.78131分,低于0.97%,4.80701分,低于1.13%,4.82523分,低于0.87%,,,0,
淘宝,joyful09,https://shop59522052.taobao.com/,加厚儿童塑料桌椅 幼儿园学习桌椅 宝宝游戏餐桌椅玩具桌（桌价）,https://item.taobao.com/item.htm?id=568762737993,joyful09,13,18657655573,18657655573,0,0,0,0,4.8125,低于2.06%,4.8375,低于1.72%,4.8875分,低于0.68%,,,0,
淘宝,好自然家饰生活馆,https://shop34257313.taobao.com/,欧式刺绣蕾丝饮水机罩套 立式饮水机两件套 高档桶装水防尘罩子,https://item.taobao.com/item.htm?id=561240941642,酷酷牛仔仔,15,028-83465718,13980649873,0,0,0,0,4.78975分,低于0.62%,4.83114分,持平0.23%,4.83662分,持平0.23%,,,0,
淘宝,小胖乐高官方店,https://shop100515340.taobao.com/,LEGO45002 百变工程  旧版乐高9206德宝幼儿教具套装 送教案,https://item.taobao.com/item.htm?id=560086661839,驰丰新能源,12,,13598365698,0,0,0,0,4.72628分,低于2.15%,4.74088分,低于2.41%,4.79562分,低于1.46%,,,0,
淘宝,MOZE手作工作室,https://shop33204637.taobao.com/,MOZE雾蜡粉牛皮手账本手帐真皮日记本定制笔记本事本活页本子tn旅,https://item.taobao.com/item.htm?id=561937230094,光辉岁月服饰,13,,13694108538,0,0,0,0,4.95341分,高于66.90%,4.95332分,高于62.72%,4.94982分,高于58.42%,,,0,
淘宝,燕彩衣清洁百货商城,https://shop101118110.taobao.com/,紫萍舒洁雅吸油纸烹调专用纸厨房用吸油纸厨房烹饪纸煲汤去油腻,https://item.taobao.com/item.htm?id=563952100459,燕裁衣,13,02154789432,18621043664,0,0,0,0,4.88193分,高于34.63%,4.88374分,高于26.21%,4.88909分,高于27.09%,,,0,
淘宝,U LIMIT高端自制,https://shop58663028.taobao.com/,男童女童灯芯绒长裤潮韩版秋冬季洋气儿童加绒加厚外穿童裤棉裤子,https://item.taobao.com/item.htm?id=560806782135,周敏佳,13,15824342102,,0,0,0,0,4.91633,高于50.74%,4.92829,高于49.46%,4.93426分,高于50.71%,,,0,
淘宝,轻飘飘时间,https://shop62894884.taobao.com/,miHoYo手办崩坏学园2希儿・芙乐艾秋霜百合含特典布洛妮娅老婆3,https://item.taobao.com/item.htm?id=607727246253,mod5566,9,,13686973670,0,0,0,0,4.736分,低于2.47%,4.776分,低于2.08%,4.784分,低于1.94%,,,0,
淘宝,春来汽车用品平价店,https://shop35282880.taobao.com/,2吨卧式液压千斤顶2T汽车千斤顶小车轿车的车载油压千金顶2.5吨,https://item.taobao.com/item.htm?id=557843916611,篮球猪宝宝,14,,13814900200,0,0,0,0,4.78676分,低于1.05%,4.78676分,低于1.40%,4.80882分,低于1.00%,,,0,
淘宝,漫依轩cosplay工作室,https://shop72924361.taobao.com/,活动现货 cos 新世纪福音战士 EVA 绫波丽 明日香 校服 可定做,https://item.taobao.com/item.htm?id=16594715484,漫依轩cosplay工作室,11,,13135663380,0,0,0,0,4.92241分,高于46.10%,4.93103分,高于43.79%,4.93966分,高于50.30%,,,0,
淘宝,三阳电子配件,https://shop57028224.taobao.com/,全新电磁炉面板/按键薄膜触摸开关 控制面板 C20-F8Y C18-F8Y,https://item.taobao.com/item.htm?id=563880128408,三阳电子0,15,,18653457165,0,0,0,0,4.85062,持平0.18%,4.87346,持平0.10%,4.87523分,持平0.10%,,,0,
企业,阿希达部落,https://shop110464960.taobao.com/,阿希达风干牛肉干超干500g原味散装手撕大片兴安盟特产大块牛肉干,https://item.taobao.com/item.htm?id=40245764090,阿希达部落,15,,18648443185,0,0,0,0,4.82697,高于9.25%,4.87567,高于24.18%,4.89584分,高于34.07%,,,0,
企业,深圳宏图伟业元器件商,https://shop363685358.taobao.com/,船型开关KCD4-201船形翘板带灯按钮按键2/3两/三档4/6六脚开关16A,https://item.taobao.com/item.htm?id=595640194611,宏图伟业元器件商城,14,0755-8378 1592,13901031842,0,0,0,0,4.92972,高于50.03%,4.93773,高于50.19%,4.91146分,高于26.53%,,,0,
淘宝,欧蒙得 格调卫浴厨房,https://shop33046081.taobao.com/,浴室挂衣钩 墙壁打孔衣柜衣服钩 壁挂毛巾排钩 不锈钢挂钩304加厚,https://item.taobao.com/item.htm?id=553711420559,zxjzxjzxj,15,13520259342,,0,0,0,0,4.8988分,持平0.30%,4.90021分,持平0.45%,4.90446分,持平0.34%,,,0,
淘宝,知足健身房,https://shop105025487.taobao.com/,足底按摩垫指压板脚底穴位按摩器超痛超硬仿鹅卵石家用健身器材,https://item.taobao.com/item.htm?id=522868405181,方圆集团88,12,,18667603315,0,0,0,0,4.89831分,高于33.95%,4.89831分,高于23.44%,4.89831分,高于22.29%,,,0,
淘宝,上海华光日用日本进口,https://shop72569582.taobao.com/,日本进口创意家用猫咪门挡防风防撞门组房门安全缓冲门阻磁铁门吸,https://item.taobao.com/item.htm?id=566077842155,日本家居收纳,18,,15821502791,0,0,0,0,4.88979,高于39.02%,4.91134,高于43.84%,4.91286分,高于42.78%,,,0,
淘宝,霸王塑业,https://shop293861971.taobao.com/,86型冲孔拼装盒塑料接线盒开关插座暗盒PVC阻燃电线盒带耳通用厚,https://item.taobao.com/item.htm?id=621900737907,布拉格旅,7,,13575661390,0,0,0,0,5.0分,高于100.00%,5.0分,高于100.00%,5.0分,高于100.00%,,,0,
淘宝,源于自然养生坊灵芝,https://shop36412491.taobao.com/,桑黄灵芝野生桑黄一斤桑黄野生灵芝妈妈用了六年桑黄孔菌,https://item.taobao.com/item.htm?id=7380985023,biezhe,13,,13480997084,0,0,0,0,4.98分,高于89.51%,4.9825分,高于89.33%,4.9775分,高于85.76%,,,0,
淘宝,上海穆勒四通电气,https://shop144081500.taobao.com/,人民电器RDM5塑壳断路器赢领系列400A空气开关630A空开三相四线,https://item.taobao.com/item.htm?id=625131161837,狗要理包子,9,,15888222373,0,0,0,0,4.84656分,低于1.37%,4.83069分,低于1.86%,4.82759分,低于1.90%,,,0,
淘宝,海西家,https://shop60893383.taobao.com/,一袋5斤包邮 福建特产红山楂 红蜜山楂 山楂果蜜饯休闲零食2500克,https://item.taobao.com/item.htm?id=5799477859,zlz832,13,,15606070240,0,0,0,0,4.82897,高于10.30%,4.86196,高于15.82%,4.86213分,高于12.73%,,,0,
企业,美洁尔洗化,https://shop63202269.taobao.com/,洗洁精浓缩粉大桶洗洁精原料粘稠型不伤手1箱24袋批发包邮促销,https://item.taobao.com/item.htm?id=21774547574,njmjj100,15,4000257696,13611589556,0,0,0,0,4.78633,低于0.69%,4.81916,持平0.48%,4.81647分,低于0.65%,,,0,
淘宝,希美仑,https://shop70692447.taobao.com/,孕妇装连衣裙夏季小个子时尚洋气显瘦不显怀,https://item.taobao.com/item.htm?id=639035039071,希美仑,13,,13610373214,0,0,0,0,4.79583分,低于0.71%,4.82917分,低于0.60%,4.85833分,持平0.17%,,广东 广州,0,
企业,天正蓝校服企业店,https://shop149470256.taobao.com/,天正蓝幼儿园园服春秋装英伦学院风儿童班服毛衣棉小学生校服套装,https://item.taobao.com/item.htm?id=558190310187,天正蓝校服,13,13679788515,13500016781,0,0,0,0,4.98389,高于90.52%,4.98561,高于89.86%,4.98458分,高于88.44%,,,0,
淘宝,德力西金越形象店,https://shop65784265.taobao.com/,德力西CDM1-/3300塑壳断路器160A250A400A630A空气开关3P 4P配电,https://item.taobao.com/item.htm?id=620278962148,xxiao2007,6,,13399836196,0,0,0,0,5.0,高于100.00%,5.0,高于100.00%,5.0分,高于100.00%,,,0,
淘宝,建安工业,https://shop68416006.taobao.com/,老人起床助力扶手床边扶手护栏起床助力扳手方便老人起床起夜工具,https://item.taobao.com/item.htm?id=569873743575,chengyong1001,10,,15324326988,0,0,0,0,4.93182,高于20.99%,4.91942,持平0.10%,4.94421分,高于29.43%,,,0,
淘宝,焱焱战魂户外,https://shop260935552.taobao.com/,包邮户外保暖棉衣军绿棉衣套装劳保棉衣长袖圆领秋冬棉衣棉裤,https://item.taobao.com/item.htm?id=564996123390,c陈华成,10,,18571715544,0,0,0,0,4.74074分,低于2.17%,4.77778分,低于1.84%,4.78395分,低于1.75%,,,0,
淘宝,店主很红原创设计师品,https://shop122861117.taobao.com/,2021春秋薄款连帽宽松bf慵懒风卫衣女士韩版中长款上衣ins外套潮,https://item.taobao.com/item.htm?id=566162071665,店主很红,15,,18958165076,0,0,0,0,4.817分,持平0.24%,4.87183分,高于7.18%,4.87389分,高于4.66%,,,0,
淘宝,三阳电子销售中心,https://shop185810545.taobao.com/,包邮饮水机水龙头水嘴配件通用大号水嘴冷热水嘴开关茶吧机净水机,https://item.taobao.com/item.htm?id=557941450121,三阳电子销售中心,14,18653457165,18653457165,0,0,0,0,4.82787,低于0.65%,4.85031,低于0.51%,4.84346分,低于0.74%,,,0,
淘宝,美丝梦莎品牌窗帘布艺,https://shop63626609.taobao.com/,奢华法式高档飘窗全遮光拼接成品窗帘布加厚绒布欧式客厅双层窗户,https://item.taobao.com/item.htm?id=562508048198,gp一枝梅,10,,15925842488,0,0,0,0,4.79452分,低于0.51%,4.80365分,低于0.79%,4.79452分,低于1.10%,,,0,
淘宝,领祥电子厂家直销,https://shop68203757.taobao.com/,领祥|6*6*5MM轻触开关贴片无声按钮硅胶开关无声按键/微动6x6x5mm,https://item.taobao.com/item.htm?id=36563483621,zoxmow,15,0577-62325288,18668732288,0,0,0,0,4.95463分,高于67.76%,4.94828分,高于58.69%,4.93418分,高于45.46%,,,0,
淘宝,魅力度,https://shop59556120.taobao.com/,新款羽绒裤女外穿高腰萝卜小脚裤双面加厚保暖白鸭绒棉裤显瘦冬裤,https://item.taobao.com/item.htm?id=559416488861,魅力度,12,,15036154356,0,0,0,0,4.82239分,持平0.12%,4.8518分,持平0.21%,4.87629分,高于6.48%,,,0,
淘宝,玫瑰情园家居,https://shop104898005.taobao.com/,欧式转椅老板椅护腰书椅真皮商务电脑椅办公椅家用实木书房靠背椅,https://item.taobao.com/item.htm?id=560166137834,玫瑰情园家居,11,18934388828,18934388829,0,0,0,0,4.98744,高于85.44%,4.98744,高于83.83%,4.98604分,高于82.34%,,,0,
淘宝,新区龙氏达电子商行,https://shop65752102.taobao.com/,KCD7-212N船型开关6脚4脚30A2档带灯大功率KCD4小型翘板电源按钮,https://item.taobao.com/item.htm?id=19147457951,l龙氏达电子,12,,13861813071,0,0,0,0,4.87352,高于10.07%,4.88933,高于11.47%,4.86759分,持平0.24%,,,0,
淘宝,凤凰智能遥控开关,https://shop58677972.taobao.com/,小度语音控制器小爱开关小艺智能易微联wifi手机无线遥控开关灯,https://item.taobao.com/item.htm?id=625107246482,真诚实意hao,12,13415436360,18666503807,0,0,0,0,4.91071,持平0.10%,4.88916,低于0.67%,4.88786分,低于0.67%,,,0,
企业,棉麻记文艺复古女装馆,https://shop34828583.taobao.com/,【三生三世】棉麻记汉服网纱长裙子2021夏季新款修身收腰连衣裙女,https://item.taobao.com/item.htm?id=546928789672,我是阿棉,15,18569917169,,0,0,0,0,4.86981,高于24.15%,4.88454,高于16.38%,4.89387分,高于19.77%,,,0,
淘宝,深圳市彬科电子,https://shop100158394.taobao.com/,台湾SALECOM钮子开关TS-6-TE1R-H 3脚2档1.5A/250V 侧插卧式90度,https://item.taobao.com/item.htm?id=538028194778,彬科电子,8,0755-83006989,13530022997,0,0,0,0,5.0分,高于100.00%,4.83333分,低于0.85%,5.0分,高于100.00%,,,0,
淘宝,上海德力西线上商城,https://shop72612204.taobao.com/,施耐德空气开关1p2p小型断路器空开家用总开关电源原装正品32A63A,https://item.taobao.com/item.htm?id=548679536699,我是蛋蛋ailsa,12,,13060000575,0,0,0,0,4.87705分,低于0.75%,4.87705分,低于0.92%,4.88798分,低于0.67%,,,0,
淘宝,朝阳益智拼组玩具,https://shop62198829.taobao.com/,手工船模型拼装军舰海军仿真辽宁号航母战舰模辽宁舰积木航空母舰,https://item.taobao.com/item.htm?id=563359315105,仙人掌de世界,15,,18998108535,0,0,0,0,4.82107,持平0.19%,4.86591,高于5.52%,4.86142分,持平0.11%,,,0,
淘宝,禅意歌者何梵思   自,https://shop34574621.taobao.com/,提花纯棉绑带改良汉服汉元素古风女装连衣裙日常古筝茶人服 米色,https://item.taobao.com/item.htm?id=546725674139,huhexiaobai,13,,13510906942,0,0,0,0,4.92541分,高于56.54%,4.94703分,高于61.64%,4.94811分,高于60.77%,,,0,
淘宝,便民卡券折扣店,https://shop36529858.taobao.com/,上海公共交通卡一卡通公交地铁卡100//200/300/500/1000元送卡套,https://item.taobao.com/item.htm?id=552849681277,便民卡券折扣店,12,021-63062038,13501866758,0,0,0,0,4.97084分,高于78.90%,4.9777分,高于81.20%,4.96226分,高于67.17%,,,0,
企业,神洲狐狸品牌店,https://shop70354407.taobao.com/,六一儿童小荷风采蒲公英的远行演出服舞蹈服装蒲公英的约定表演服,https://item.taobao.com/item.htm?id=566857192072,服装大卖场韩变,13,0530-3858981,13853007397,0,0,0,0,4.9424,高于66.09%,4.9447,高于61.03%,4.94931分,高于62.00%,,,0,
淘宝,The one 寿司饭团材料,https://shop103659231.taobao.com/,台湾饭团材料肉松米棒真圆粢饭烘培糕点紫菜卷寿司手抓饼2.5kg,https://item.taobao.com/item.htm?id=554747940867,cxinxin1111,14,13690709268,,0,0,0,0,4.88305,高于35.25%,4.90733,高于41.18%,4.90733分,高于39.08%,,,0,
企业,亚马逊家居工厂,https://shop107164715.taobao.com/,落地书架 创意客厅立书架真树纯实木展示架可定制,https://item.taobao.com/item.htm?id=561649631094,铁儿范,12,,13959912982,0,0,0,0,4.84673,低于1.36%,4.86809,低于1.10%,4.88693分,低于0.69%,,,0,
淘宝,上海电器实体店,https://shop101236016.taobao.com/,正泰nxb家用小型断路器空气开关电闸跳闸短路器1P2P3P4P63a32a40a,https://item.taobao.com/item.htm?id=534822250311,上海正泰代理,13,021-69120167,15900631904,0,0,0,0,4.88212分,低于0.64%,4.8723分,低于1.02%,4.86248分,低于1.19%,,,0,
淘宝,汕头翡凡窗饰,https://shop104076786.taobao.com/,爵卡 简欧精致飘窗小挂球窗帘绑带绑绳 精品窗纱流苏挂穗吊球一对,https://item.taobao.com/item.htm?id=542070109646,翡凡窗饰,12,,18023264852,0,0,0,0,4.8439分,高于13.63%,4.87805分,高于22.76%,4.90244分,高于35.94%,,,0,
淘宝,格尔瑞电子,https://shop34422567.taobao.com/,供应原装进口ALCO MPS-203N 3A 125V 按钮开关带锁型钮子开关,https://item.taobao.com/item.htm?id=561114415584,limge123,9,0755-82976685,13691781811,0,0,0,0,5.0分,高于100.00%,5.0分,高于100.00%,5.0分,高于100.00%,,,0,
淘宝,小九妹黄酒馆,https://shop110291074.taobao.com/,包邮 古越龙山 鉴湖 黄酒十年原酿 10年绍兴花雕酒 500ml*6,https://item.taobao.com/item.htm?id=528219882933,小九妹黄酒馆,11,,13175277046,0,0,0,0,4.93596分,高于66.41%,4.91133分,高于45.93%,4.92118分,高于50.11%,,,0,
企业,以若电气批发中心,https://shop105242224.taobao.com/,nxb-63正泰4p2p63a空气开关断路器2p1p100a安空开16a32a125a50a,https://item.taobao.com/item.htm?id=570017342865,leoshime357,11,,13918087711,0,0,0,0,4.91869,高于5.75%,4.91869,持平0.10%,4.91009分,持平0.22%,,,0,
淘宝,突破户外商城,https://shop71800716.taobao.com/,UPF50+专业防晒衣女防紫外线uv冰丝防晒服202021新款夏透气短外套,https://item.taobao.com/item.htm?id=566534837997,宗佳明1987,13,,15075653351,0,0,0,0,4.71413分,低于2.72%,4.81739分,低于1.02%,4.8337分,低于0.73%,,,0,
企业,深圳市卓越世嘉科技企,https://shop159444319.taobao.com/,30A电焊机开关电源船型开关KCD4带灯4脚6脚取暖器烤炉大功率16A,https://item.taobao.com/item.htm?id=619872635035,深圳卓越世嘉科技企业店,14,,15989371325,0,0,0,0,4.87633,高于12.13%,4.8926,高于14.22%,4.8847分,高于4.47%,,,0,
企业,果VC,https://shop69889278.taobao.com/,海南西州蜜哈密瓜 1颗 3斤+ 新鲜水果 保证脆甜 不甜退款,https://item.taobao.com/item.htm?id=573796621232,天通苑水果网,16,010-57146440,13269033592,0,0,0,0,4.86657,高于30.20%,4.90999,高于45.16%,4.91838分,高于48.31%,,,0,
淘宝,星视威讯科技,https://shop105412599.taobao.com/,床头开关 大功率线上控按钮中途风扇手捏小开关电台灯LED墙壁开关,https://item.taobao.com/item.htm?id=596568707229,sunshine2010_01,12,13424394502,13423988663,0,0,0,0,4.91336分,持平0.10%,4.9278分,高于7.05%,4.91155分,持平0.19%,,,0,
淘宝,允尚家具,https://shop36887671.taobao.com/,书柜书架简约现代储物柜子黑胡桃木两门三门中式书房实木家具套装,https://item.taobao.com/item.htm?id=545394093561,心动迷你屋,11,,15190550102,0,0,0,0,4.97222,高于67.81%,4.97619,高于69.35%,4.97222分,高于64.86%,,,0,
淘宝,埃可米 ACME 口哨,https://shop130548027.taobao.com/,【官方源头】英国埃可米ACME口哨1916一战警笛金属口哨子时尚饰品,https://item.taobao.com/item.htm?id=566389648681,小柒当当,11,,15869392008,0,0,0,0,4.78906分,低于1.18%,4.86406分,持平0.10%,4.89063分,高于16.42%,,,0,
淘宝,多啦爱梦儿童城,https://shop100229386.taobao.com/,六一儿童新品手工DIY制作粘贴首饰盒卡通kitty收纳盒女孩玩具礼物,https://item.taobao.com/item.htm?id=569426237574,女孩妍妍4,13,,18256519592,0,0,0,0,4.83307,高于1.73%,4.89557,高于26.41%,4.91139分,高于33.56%,,,0,
淘宝,天正电气批发商城,https://shop61855885.taobao.com/,天正TGM1 NM1 CDM1 RM1塑壳断路器3P空气开关4P100A 250A630A400A,https://item.taobao.com/item.htm?id=602318382349,世峰电料批发,14,18858919232,15088996151,0,0,0,0,4.91934,高于6.52%,4.9227,持平0.49%,4.90807分,持平0.26%,,,0,
淘宝,SOSO全球母婴店,https://shop553897206.taobao.com/,[SOSO全球]韩国K MOM抗菌收纳袋 密封袋儿童宝宝衣物餐具便携整理,https://item.taobao.com/item.htm?id=557786439280,qtools_hz,13,18157139166,15355031595,0,0,0,0,4.9249,高于55.79%,4.9249,高于47.08%,4.9249分,高于43.70%,,,0,
淘宝,芬芳布艺馆,https://shop207484811.taobao.com/,冰箱巾盖布欧式对开门单双开门现代简约刺绣布艺家用防尘罩冰箱罩,https://item.taobao.com/item.htm?id=568526600387,hzf196601,12,,18963186092,0,0,0,0,4.89904分,高于44.10%,4.93269分,高于57.28%,4.94071分,高于61.02%,,,0,
淘宝,绿色河源特产,https://shop60263501.taobao.com/,望郎回板栗8包装新鲜东源即食炒板栗子盒装礼品厂家直销河源特产,https://item.taobao.com/item.htm?id=558458563975,河源绿色土特产,15,,18923691679,0,0,0,0,4.81252,高于1.92%,4.84803,高于7.40%,4.85344分,高于7.19%,,,0,
淘宝,风家窄众女装 一个时,https://shop143702550.taobao.com/,风家窄众 雕刻身形 精准塑腰身圆领弹力显瘦坑条羊毛针织裙QZ0651,https://item.taobao.com/item.htm?id=557994740751,fengjiazhaizhong,17,18666200732,,0,0,0,0,4.88666分,高于33.95%,4.91561分,高于38.84%,4.91439分,高于35.23%,,,0,
淘宝,半道门环球潮流馆,https://shop33576650.taobao.com/,韩国文具monopoly高级皮革8寸覆膜家庭5相册6相簿宝宝写真7影集,https://item.taobao.com/item.htm?id=547978084249,ouryoung,18,021-61315115,13651758756,0,0,0,0,4.91017分,高于36.17%,4.93419分,高于47.44%,4.9334分,高于44.82%,,,0,
淘宝,南京启航电子科技,https://shop59444882.taobao.com/,1000米开关字遥控家用无线电源智能遥控开关220V灯具控制器,https://item.taobao.com/item.htm?id=17931045087,时尚服装睡衣优惠店,10,,18951775946,0,0,0,0,4.896分,持平0.36%,4.912分,持平0.21%,4.912分,持平0.18%,,,0,
淘宝,上海凯蓝电子电气商城,https://shop109060893.taobao.com/,KCD4 6脚3档自复位 双向箭头 无锁船型开关 正反转开关 31X25mm,https://item.taobao.com/item.htm?id=535472374488,lijingxue888,16,0577-27886978,13088676868,0,0,0,0,4.90263分,高于30.82%,4.9079分,高于26.44%,4.90343分,高于19.99%,,,0,
淘宝,嘿马七作原创男装工作,https://shop105118180.taobao.com/,嘿马七作原创冬季男加绒加棉加厚运动裤束脚裤小脚收脚卫裤纯色潮,https://item.taobao.com/item.htm?id=559019498111,eleven11wt,17,,17767136541,0,0,0,0,4.8329分,高于2.62%,4.88326分,高于15.40%,4.88238分,高于11.01%,,,0,
淘宝,伯利恒演出服饰,https://shop70233922.taobao.com/,藏族舞蹈鞋舞蹈靴子男蒙古鞋新疆舞靴少数民族长筒女靴子高跟,https://item.taobao.com/item.htm?id=559701304467,yuankuimm,12,,15615141415,0,0,0,0,4.80622分,低于0.82%,4.83453分,低于0.67%,4.83213分,低于0.76%,,,0,
企业,品牌开关插座批发商,https://shop510279882.taobao.com/,西门子开关插座远景雅白色五孔插座带USB单开三开双控16A插座面板,https://item.taobao.com/item.htm?id=594847562369,品牌开关插座批发商,11,17502119779,17710859220,0,0,0,0,4.9393,高于29.66%,4.9361,高于17.74%,4.944分,高于29.17%,,,0,
淘宝,国际电子电工电器城,https://shop61953666.taobao.com/,正泰漏电断路器家用空气开关 漏电保护空开NXB漏电NXBLE（DZ47LE),https://item.taobao.com/item.htm?id=624206255157,骑牛买东西,13,0577-62858815,18969728815,0,0,0,0,4.86842,高于6.51%,4.8808,高于4.80%,4.85604分,持平0.48%,,,0,
企业,好睡眠天然乳胶体验馆,https://shop123486111.taobao.com/,天然乳胶床垫5cm泰国进口10cm双人席梦思榻榻米床垫1.8m床褥子1.5,https://item.taobao.com/item.htm?id=547856816754,好睡眠天然乳胶,12,,18666553670,0,0,0,0,4.85514,高于19.85%,4.86916,高于17.13%,4.88318分,高于23.29%,,,0,
淘宝,龙嘉盛电子元器件商城,https://shop73476191.taobao.com/,30A电焊机KCD4船型开关4脚大电流大功率两相电源翘板2档带灯250V,https://item.taobao.com/item.htm?id=596102599751,重修好多年,13,,18318933998,0,0,0,0,4.91951分,高于42.81%,4.91678分,高于33.54%,4.91405分,高于28.78%,,,0,
企业,P匍T企业店,https://shop70908586.taobao.com/,自动门机组电动玻璃感应门平移推拉开门控制器玻璃双开门电机全套,https://item.taobao.com/item.htm?id=580217730818,恒安电子门禁,9,,17807656320,0,0,0,0,4.9898,高于88.18%,4.97959,高于73.73%,4.9949分,高于93.55%,,,0,
淘宝,心梦 天使,https://shop71017630.taobao.com/,COS万圣节瘟疫医生服装  暗黑地牢英雄服 乌鸦嘴医生舞台表演服装,https://item.taobao.com/item.htm?id=559599679496,心怡h2008,12,15316349299,13062688068,0,0,0,0,4.79187分,低于1.32%,4.84228分,低于0.72%,4.89593分,高于14.28%,,,0,
淘宝,青丝坊专业美发,https://shop10173516.taobao.com/,正品行货 资生堂芯护理道芳氛头皮洗发水1000ml舒缓调理控油去屑,https://item.taobao.com/item.htm?id=41783671944,青丝坊,15,010-87185127,13501346183,0,0,0,0,4.92935分,高于53.46%,4.94032分,高于52.51%,4.93727分,高于48.50%,,,0,
淘宝,华丽SHOW欧美精品女装,https://shop34491422.taobao.com/,5003 秋冬新款羊毛红色连衣裙长袖大摆气质修身中长款礼裙女两色,https://item.taobao.com/item.htm?id=561221739448,ljk_clm,14,,13760612365,0,0,0,0,4.88542分,高于33.24%,4.89583分,高于24.56%,4.92708分,高于44.87%,,,0,
淘宝,格格工艺精品坊,https://shop143596502.taobao.com/,五毒布老虎民间工艺品中号老虎枕头宝宝纯手工玩具满月婴幼儿,https://item.taobao.com/item.htm?id=562505698122,悦悦20110725,11,,15877605500,0,0,0,0,4.90615分,持平0.15%,4.9288分,高于8.34%,4.91262分,持平0.17%,,,0,
淘宝,玩累了的孩子,https://shop33305506.taobao.com/,玩儿！前行吧！固特异布洛克款式雕花手工皮鞋男德比鞋真皮 9色入,https://item.taobao.com/item.htm?id=547845465747,玩累了的孩子,15,020-36317908,15302239302,0,0,0,0,4.81067分,持平0.37%,4.8239分,低于0.78%,4.83361分,低于0.70%,,,0,
淘宝,唯美纳生活馆,https://shop63161093.taobao.com/,油桶304不锈钢加厚密封储存食用花生油龙头运输用装油罐家用厨房,https://item.taobao.com/item.htm?id=559823010298,7月21日晴,14,,15920308413,0,0,0,0,4.84812分,高于15.91%,4.88844分,高于29.19%,4.8871分,高于25.78%,,,0,
淘宝,Toyest杂货铺,https://shop73122509.taobao.com/,[Toyest]正版比得兔模型玩偶彼得兔PeterRabbit玩具公仔手办摆件,https://item.taobao.com/item.htm?id=577904304866,toythegreat,13,,13213335455,0,0,0,0,4.89168分,高于24.76%,4.91442分,高于30.25%,4.90664分,高于23.10%,,,0,
淘宝,仙记银坊,https://shop59867972.taobao.com/,手工纯银项圈女999时尚简约短款锁骨颈圈宝宝项圈长命锁高端定制,https://item.taobao.com/item.htm?id=556748711400,快乐爱淘吧,16,0576-87726112,15990607425,0,0,0,0,4.84296分,持平0.33%,4.87226分,持平0.24%,4.87092分,持平0.38%,,,0,
淘宝,3G模型,https://shop33623862.taobao.com/,3G模型手办长谷川WeGo系列机器人附人偶免胶分色关节可动 N0.1-12,https://item.taobao.com/item.htm?id=571938051048,zhgroup,18,021-64052380,13817634768,0,0,0,0,4.95207分,高于66.71%,4.95905分,高于66.63%,4.94089分,高于51.31%,,,0,
淘宝,柳魅舞蹈服饰,https://shop36967694.taobao.com/,柳魅广场舞服装套装新款上衣莫代尔拉丁舞服女跳舞衣服舞蹈练功服,https://item.taobao.com/item.htm?id=568182985944,瑜美人之家,15,07722489067,13607802102,0,0,0,0,4.87208分,高于16.88%,4.89416分,高于20.31%,4.90224分,高于25.28%,,,0,
淘宝,HEFO品牌店,https://shop35867775.taobao.com/,HEFO正品波士顿纯牛皮女式牛皮包新款包豹纹手提斜跨包大中小女包,https://item.taobao.com/item.htm?id=544734904047,liyingchun19871210,12,02023379296,13434161936,0,0,0,0,4.92628分,高于57.05%,4.91026分,高于35.01%,4.94231分,高于56.39%,,,0,
淘宝,舞林传奇光电科技,https://shop72555161.taobao.com/,EL冷光线发光线荧光舞表演服衣服LED柔性冷光灯线荧光线圆形diy,https://item.taobao.com/item.htm?id=543855155005,tzcaiweitao,10,,15810263249,0,0,0,0,4.86275分,高于0.67%,4.86275分,持平0.38%,4.90196分,高于14.72%,,,0,
淘宝,AD职业女装1号店,https://shop115723774.taobao.com/,AD高端时尚西装套装女气质OL职业装女神范西服套裤正装工作服春季,https://item.taobao.com/item.htm?id=557979840190,ad职业女装1号店,12,059183587569,17750208331,0,0,0,0,4.92005,高于53.41%,4.93909,高于55.86%,4.95051分,高于62.56%,,,0,
淘宝,广州浩轩兵人模玩行,https://shop70919655.taobao.com/,现货1/6眼镜潮流眼镜 墨镜女式眼镜 适合12英寸兵人偶用模型配件,https://item.taobao.com/item.htm?id=607225985399,chenjunyang2011,13,,15915733257,0,0,0,0,4.91716,高于42.46%,4.93361,高于45.89%,4.93596分,高于47.25%,,,0,
淘宝,小张工作室原创,https://shop102174185.taobao.com/,中国象棋三国人物创意脸谱民族风北京特色送老外的礼物外国人礼品,https://item.taobao.com/item.htm?id=543934871568,小张工作室原创,15,13488816637,18600170556,0,0,0,0,4.82289分,低于1.85%,4.84677分,低于1.54%,4.86169分,低于1.20%,,,0,
淘宝,舞者之会,https://shop35540561.taobao.com/,男拉丁舞衣 摩登舞服国标舞服交谊舞服 练功服广场舞服舞蹈练功服,https://item.taobao.com/item.htm?id=39038286808,dmjue,13,,13724224201,0,0,0,0,4.81076分,低于0.73%,4.83302分,低于0.70%,4.8423分,低于0.55%,,,0,
企业,艺贝玩具实业,https://shop61154116.taobao.com/,定制            来图定做卡通人偶服装 定制卡通服装 订做动漫行走人偶道具服,https://item.taobao.com/item.htm?id=555037239063,lpbase,10,18688474125,18684854871,0,0,0,0,4.93069,高于59.20%,4.94059,高于58.14%,4.94059分,高于55.46%,,,0,
淘宝,金童玉女古装,https://shop117361889.taobao.com/,儿童古装男童汉服汉唐朝黄皇帝上大王太子龙袍摄影写真表演出服装,https://item.taobao.com/item.htm?id=566218945593,金童玉女古装,11,,18362648084,0,0,0,0,4.83212,高于1.18%,4.86861,高于7.42%,4.83942分,低于0.56%,,,0,
淘宝,六叶家纺,https://shop67334144.taobao.com/,U型导轨蚊帐挂墙铝合金拉幕单开门 婚庆豪华宫廷公主打墙拉绳蚊帐,https://item.taobao.com/item.htm?id=538935227785,怡然服饰88,10,,15118017857,0,0,0,0,4.9568分,高于76.10%,4.96544分,高于78.11%,4.95248分,高于68.80%,,,0,
企业,赛纳斯鞋业电商部,https://shop124872735.taobao.com/,正品赛纳劳保鞋 男钢包头防砸防刺穿工地工作鞋真皮防静电安全鞋,https://item.taobao.com/item.htm?id=553472453959,赛纳斯鞋业电商部,13,15919477194,15919477194,0,0,0,0,4.89421,高于41.47%,4.89421,高于32.99%,4.91137分,高于41.80%,,,0,
企业,吉祥物卡通玩偶服定制,https://shop221294745.taobao.com/,定制            定做卡通人偶服装定制可爱套头搞怪头套玩偶服直播抖音道具公仔服,https://item.taobao.com/item.htm?id=598232533760,卡通人偶服定制,5,18575531140,,0,0,0,0,5.0,高于100.00%,5.0,高于100.00%,5.0分,高于100.00%,,,0,
淘宝,欧美小资馆大码女装,https://shop58082328.taobao.com/,2021加大码春季女装新品胖MM宽松中长款肩章翻领长袖雪纺衬衫女裙,https://item.taobao.com/item.htm?id=544139146903,琦宝贝697927,14,,15990014807,0,0,0,0,4.89516分,高于38.92%,4.9254分,高于45.97%,4.90101分,高于25.17%,,,0,
淘宝,折折黄河曲,https://shop73071910.taobao.com/,儿童幼儿园兔子动物尾巴表演道具假老鼠老虎猪狐狸猴子揪尾巴玩,https://item.taobao.com/item.htm?id=23621672234,hudeflf,14,,13575742481,0,0,0,0,4.81358分,低于0.87%,4.84249分,低于0.71%,4.87428分,持平0.10%,,,0,
淘宝,依媚坊厂家店,https://shop69688664.taobao.com/,新款/主题写真服装/影楼拍照性感服装/个人写真摄影服饰艺术照,https://item.taobao.com/item.htm?id=540670904359,飞腾摄影服饰,12,15264035798,,0,0,0,0,1.0分,低于79.29%,1.0分,低于79.43%,5.0分,高于100.00%,,,0,
企业,海蒂的花园 成都总店,https://shop57101936.taobao.com/,海蒂的花园 莫里斯爬藤欧月丰花月季做花墙拱门长势好大苗,https://item.taobao.com/item.htm?id=565140961440,邱亚敏,17,028-64700493,13689055709,0,0,0,0,4.88613,高于17.59%,4.91035,高于24.43%,4.89998分,高于13.00%,,,0,
淘宝,按时喝水 沫小欣,https://shop108168322.taobao.com/,@按时喝水 藏红花3g 西红花番红花正品非西藏伊朗藏红花 孕妇不宜,https://item.taobao.com/item.htm?id=569147709573,沫小欣,15,,13008626337,0,0,0,0,4.92966,高于63.11%,4.94636,高于67.29%,4.94636分,高于66.05%,,,0,
淘宝,艺域卡通人偶工厂店,https://shop61502337.taobao.com/,灰太狼卡通人偶服装喜羊羊美羊羊行走人偶玩偶服道具服演出布偶装,https://item.taobao.com/item.htm?id=614130869092,艺域精绝,12,,18007415525,0,0,0,0,4.70732,低于3.06%,4.87805,高于0.61%,4.82927分,低于1.01%,,,0,
企业,伊妹儿手工坊,https://shop35706218.taobao.com/,中国结流苏旗袍压襟挂件服饰古风穗子古典衣襟饰品配饰包包吊坠,https://item.taobao.com/item.htm?id=619507447485,青春飞扬1314,15,13857969945,,0,0,0,0,4.88438,高于18.25%,4.89652,高于10.95%,4.89705分,高于7.14%,,,0,
淘宝,楼兰客栈原创饰品,https://shop57737790.taobao.com/,紫水晶手链女手串手饰古风民族风复古编织手绳中国风配饰装饰品,https://item.taobao.com/item.htm?id=607304827626,kangqiaozhisan,17,13142640096,,0,0,0,0,4.85961分,高于0.74%,4.89465分,高于9.35%,4.89325分,高于3.71%,,,0,
淘宝,帮,https://shop64756375.taobao.com/,心相印钱夹纸巾 w112三层10片皮夹式手帕纸16条144包面纸包邮,https://item.taobao.com/item.htm?id=542370597509,yudehe3523205,12,,13395981205,0,0,0,0,4.76062分,低于1.22%,4.77606分,低于1.36%,4.76448分,低于1.72%,,,0,
企业,爱嘉好易购,https://shop101214237.taobao.com/,欧式古风饰品首饰盒复古带锁桌面收纳盒木质儿童百宝箱小木盒子,https://item.taobao.com/item.htm?id=569156883589,爱嘉好易购,14,,13575950345,0,0,0,0,4.78724,低于0.66%,4.84599,高于2.45%,4.85908分,高于7.47%,,,0,
企业,北辰星新娘品牌婚饰店,https://shop73402927.taobao.com/,超仙森系网红拍照花环头纱新娘婚纱礼服配饰影楼外景写真跟妆头饰,https://item.taobao.com/item.htm?id=617754854055,小馨的童话,15,,15312172075,0,0,0,0,4.83693,持平0.45%,4.86663,持平0.36%,4.87257分,持平0.34%,,,0,
淘宝,爱雅十字绣装饰画直销,https://shop34749669.taobao.com/,八骏图十字绣成品机绣 八骏奔腾马到成功 大幅新款十字绣客厅系列,https://item.taobao.com/item.htm?id=543128747384,猪猪的网上饰品屋,13,0512-57467166,15201838844,0,0,0,0,4.79062分,低于0.59%,4.82164分,持平0.42%,4.82533分,持平0.46%,,,0,
淘宝,喜上花轿伴手礼,https://shop68435395.taobao.com/,创意结婚订婚喜糖喜饼大号礼盒成品 婚庆伴手礼 宝宝周岁诞生回礼,https://item.taobao.com/item.htm?id=541861273102,陈煊泽,12,0577-65525582,15088559980,0,0,0,0,4.89593,高于45.42%,4.90045,高于39.29%,4.90271分,高于38.42%,,,0,
淘宝,魔幻盒子饰品DIY,https://shop72439021.taobao.com/,水晶滴胶DIY模具手工制作项链圆柱试管吊坠模具嗜血色管硅胶模具,https://item.taobao.com/item.htm?id=593992644649,qingdaogarbo,14,,18653272836,0,0,0,0,4.90571,高于33.20%,4.93286,高于42.10%,4.92143分,高于28.96%,,,0,
淘宝,美美批发8,https://shop69484377.taobao.com/,diy手机壳材料包手工制作钥匙扣饰品配件开口圈龙虾扣 D字扣保色,https://item.taobao.com/item.htm?id=530939730623,ting13145200,17,13586960156,,0,0,0,0,4.83293分,高于7.50%,4.8549分,高于7.90%,4.85898分,高于7.29%,,,0,
淘宝,唯曼饰品工厂店,https://shop113638649.taobao.com/,复古美人头宝石胸针欧美宫廷固定别针个性时尚女服装外套配件饰品,https://item.taobao.com/item.htm?id=535411651704,唯曼电子商务,14,,15976588693,0,0,0,0,4.84876分,持平0.21%,4.86541分,持平0.38%,4.87157分,持平0.36%,,,0,
淘宝,1688香香宝贝屋,https://shop67482342.taobao.com/,仿白玉莲花流苏穗复古风挂穗 中国风挂件diy材料扇坠宫廷汉服流苏,https://item.taobao.com/item.htm?id=569493199681,1688香香宝贝屋,15,15258900173,15068033093,0,0,0,0,4.84149,持平0.35%,4.86164,持平0.45%,4.86558分,持平0.48%,,,0,
企业,小妞妞的手工铺 发饰d,https://shop63658420.taobao.com/,冰雪奇缘儿童发夹diy材料包做手工网纱大蝴蝶结发饰头饰套装配件,https://item.taobao.com/item.htm?id=612853214986,须妹妹,16,,13262877716,0,0,0,0,4.88117,高于15.98%,4.90314,高于16.65%,4.91794分,高于25.98%,,,0,
企业,观照  原创设计饰品品,https://shop101192375.taobao.com/,定制            观照原创手作 素银螺纹计数卡子佛珠配饰 念珠手串修行配件,https://item.taobao.com/item.htm?id=589442839089,在观照,12,02029074824,13502465697,0,0,0,0,4.96089,高于72.29%,4.96531,高于70.08%,4.96531分,高于68.63%,,,0,
淘宝,民族饰界原创饰品,https://shop33195383.taobao.com/,复古民族风发饰苗银书签发簪女款古典盘发步摇流苏节日礼品女饰品,https://item.taobao.com/item.htm?id=564504054980,xuyunjerry,15,13987669086,,0,0,0,0,4.82056分,低于0.78%,4.87041分,持平0.27%,4.87471分,持平0.30%,,,0,
淘宝,润宝斋古典花丝镶嵌,https://shop57812101.taobao.com/,润宝斋 古法银 花丝珐琅 流苏仿古宫廷耳坠耳环旗袍汉服影视配饰,https://item.taobao.com/item.htm?id=532844639998,syitldit188,9,18601096253,18601096253,0,0,0,0,4.97297分,高于80.89%,4.98649分,高于88.37%,4.98649分,高于87.81%,,,0,
淘宝,baby宝妈外贸店,https://shop67570691.taobao.com/,畅萌 四季通用可定制婴儿床上用品儿童拼接床防撞纯棉床围,https://item.taobao.com/item.htm?id=45207181499,xiaolu5243,12,13646596002,,0,0,0,0,4.98571,高于91.59%,4.98571,高于89.93%,4.98214分,高于86.61%,,,0,
淘宝,京工坊礼品,https://shop102125464.taobao.com/,景泰蓝手镯 特色工艺礼品 老北京景泰蓝饰品手镯 时尚复古民族风,https://item.taobao.com/item.htm?id=520196423900,tb0520409_2013,12,,18610520409,0,0,0,0,4.81141分,低于2.08%,4.87841分,低于0.89%,4.88586分,低于0.71%,,,0,
企业,金灿羽毛工厂店,https://shop35912120.taobao.com/,diy饰品配件服装辅料材料包复古鸡毛火鸡毛鸵鸟毛孔雀毛彩色羽毛,https://item.taobao.com/item.htm?id=576910692581,yuka777,12,,18958398030,0,0,0,0,4.84615,持平0.26%,4.93706,高于45.84%,4.9021分,高于11.69%,,,0,
淘宝,满口香优品汇,https://shop322759298.taobao.com/,网红吸汁面藕圈干货凉拌沾串火锅素食肥肠面筋干面凉皮散斤装500g,https://item.taobao.com/item.htm?id=595369606558,运13179622811,15,,18769252551,0,0,0,0,4.78519,低于0.50%,4.81148,低于0.51%,4.81831分,持平0.49%,,,0,
企业,千金猫,https://shop109289820.taobao.com/,酷亲K litter天然玉米植物猫沙绿茶水蜜桃豆腐猫砂2.0小颗粒18L*3,https://item.taobao.com/item.htm?id=600590907714,g7539220,13,17601382392,17601382392,0,0,0,0,4.90502,高于31.26%,4.90543,高于20.28%,4.88528分,持平0.21%,,,0,
淘宝,winnie家,https://shop64212749.taobao.com/,BELLYWEAR孕妇连衣裙春装新款时尚气质中长款V领系带外出哺乳裙,https://item.taobao.com/item.htm?id=612240517167,winnie家,15,13816176068,,0,0,0,0,4.82995,持平0.10%,4.89408,高于25.36%,4.91468分,高于36.03%,,上海,0,
淘宝,乐美户外家具,https://shop107659837.taobao.com/,户外葡萄架凉亭木屋防腐木亭子庭院花园铁艺遮阳棚休闲秋千桌椅篷,https://item.taobao.com/item.htm?id=559731484997,康乐美998,11,18675769263,,0,0,0,0,4.96525分,高于59.72%,4.96911分,高于60.21%,4.95753分,高于46.25%,,,0,
淘宝,依依妈女童店,https://shop117209920.taobao.com/,女童牛仔外套韩版宽松中小童春秋装,https://item.taobao.com/item.htm?id=624015209457,爱婴之城,17,,15325725618,0,0,0,0,4.78737,低于0.89%,4.82074,低于0.77%,4.81384分,低于1.08%,,,0,
淘宝,慧心巧聚欧美家居风情,https://shop35288651.taobao.com/,动物3D立体开关插座装饰贴,https://item.taobao.com/item.htm?id=523920217734,慧心巧聚2008,14,027-82318581,13720133507,0,0,0,0,4.89764分,持平0.33%,4.92593分,高于4.60%,4.93468分,高于17.34%,,,0,
天猫,中国中医药出版社旗舰店,https://shop113841382.taobao.com/,【出版社直销】方剂学  李冀 连建伟著新世纪第四4版全国中医药行业高等教育十三五规划教材中医药院校教材第十版中国中医药出版社,https://item.taobao.com/item.htm?id=537886734754,中国中医药出版社旗舰店,0,010-89535836,13811860967,0,0,0,100,4.92125分,持平,4.89809分,高于0.79%,4.88146分,持平,中国中医药出版社,,0,
天猫,哈尔波车品专营店,https://shop112679607.taobao.com/,适用于别克老凯越HRV导航 陆尊GL8新世纪老君威 凯越汽车导航大屏,https://item.taobao.com/item.htm?id=41383397160,哈尔波车品专营店,0,,17094228331,0,0,0,100,4.71045分,低于3.47%,4.70995分,低于3.33%,4.74826分,低于2.67%,深圳市哈尔波电子科技有限公司,,0,
淘宝,御宅猫志zakka二次元,https://shop66044878.taobao.com/,EVA新世纪福音战士绫波丽 门禁身份ID卡贴DIY二次元个性定制动漫,https://item.taobao.com/item.htm?id=587210736490,夜色很美love,13,,15035050416,0,0,0,0,4.92212分,高于45.90%,4.92523分,高于39.06%,4.90031分,高于17.89%,,,0,
企业,Muscle Dog肌肉狗,https://shop72219611.taobao.com/,肌肉狗 运动长裤男潮牌秋冬快干梭织宽松束脚9分工装健身训练裤,https://item.taobao.com/item.htm?id=562464038376,ljp_2000,16,18611149666,18611149666,0,0,0,0,4.91805,高于46.75%,4.9294,高于46.85%,4.91774分,高于37.12%,,,0,
企业,童乐城工厂直销金冠店,https://shop105676962.taobao.com/,儿童蒙氏早教玩具蒙特梭利教具幼儿1-2-3岁宝宝婴儿积木益智男孩,https://item.taobao.com/item.htm?id=44357902689,童乐城木制玩具,18,,18005791469,0,0,0,0,4.80645,持平0.49%,4.85186,持平0.13%,4.86227分,持平0.10%,,,0,
淘宝,尚嘉生活体验馆,https://shop100942257.taobao.com/,新世纪按摩枕送爸妈颈椎腰全身充电按摩器热敷揉捏红外实用礼车家,https://item.taobao.com/item.htm?id=580637387182,yeyuanyuan83,10,18815149636,,0,0,0,0,4.92199分,高于48.58%,4.92199分,高于37.86%,4.94326分,高于53.36%,,,0,
淘宝,奇奇酷咔,https://shop33741952.taobao.com/,3A Threezero 新世纪福音战士 新剧场版 EVA-01初号机现货,https://item.taobao.com/item.htm?id=611932309679,maorr2006,13,,18611302342,0,0,0,0,4.95148分,高于66.30%,4.94977分,高于59.06%,4.94749分,高于56.75%,,,0,
淘宝,舒尔乐按摩器商城,https://shop114360325.taobao.com/,新世纪颈肩按摩器颈部腰部背部多功能加热揉捏车家两用按摩枕礼物,https://item.taobao.com/item.htm?id=557502731233,梁正祥18,7,18934458612,13765422080,0,0,0,0,4.65714分,低于3.94%,4.71429分,低于3.29%,4.71429分,低于3.36%,,,0,
淘宝,玫瑰花园工作室,https://shop35419110.taobao.com/,wish亚马逊春秋冬新品欧美万圣节中世纪复古哥特式COS服装外套男,https://item.taobao.com/item.htm?id=607339469770,紫玫瑰629,9,,13754843535,0,0,0,0,4.53846分,低于6.54%,4.69231分,低于3.79%,4.92308分,高于36.66%,,,0,
淘宝,柒色莲花馆,https://shop101661991.taobao.com/,藏式血丝菩提108颗星月手串手链佛珠念珠金丝菩提子项链男女款,https://item.taobao.com/item.htm?id=528917251350,颖0308,11,,15880953693,0,0,0,0,4.92954分,高于50.18%,4.9458分,高于53.36%,4.9458分,高于51.11%,,,0,
淘宝,济南睿泰汽车配件,https://shop59742745.taobao.com/,适用于别克老君威新世纪皇朝前雾灯总成前保险杠灯防雾灯汽车配件,https://item.taobao.com/item.htm?id=523715387168,bskbsknuinui,12,0531-69926265,18678895664,0,0,0,0,4.8853,高于29.28%,4.87814,高于15.89%,4.87097分,高于9.35%,,,0,
企业,威梨直供店,https://shop535127645.taobao.com/,逞羟镌吕娣崴世纪新鲜梨子香甜多汁冰糖味孕妇水果精品大果5斤,https://item.taobao.com/item.htm?id=588571458319,hebeijintiannongchang,9,15630990830,,0,0,0,0,4.77273,低于0.76%,4.85968,高于14.43%,4.86957分,高于17.44%,,,0,
淘宝,62文体用品商城,https://shop110718240.taobao.com/,世纪曙光新材料40+三星乒乓球训练练习球球馆比赛用球多球发球机,https://item.taobao.com/item.htm?id=602876853426,速淘201314,12,,13760175347,0,0,0,0,4.76685分,低于1.64%,4.78933分,低于1.60%,4.80056分,低于1.41%,,,0,
淘宝,莞东卓越电器商城,https://shop59606484.taobao.com/,SRX/先科新世纪户外大功率K歌视频拉杆音响触控显示屏广场舞29寸,https://item.taobao.com/item.htm?id=625080773426,荣亚电子,11,,13712280092,0,0,0,0,5.0分,高于100.00%,5.0分,高于100.00%,5.0分,高于100.00%,,,0,
企业,新世纪光学仪器,https://shop114918849.taobao.com/,新世纪眼镜店加工设备板材镜架调整加热器镜腿烘灯烘烤机陶瓷加温,https://item.taobao.com/item.htm?id=530465944798,夏萍青一,11,020-81019749,13928828095,0,0,0,0,4.94198,高于59.70%,4.93878,高于50.11%,4.91837分,高于32.77%,,,0,
淘宝,原单外贸袜子店,https://shop101433806.taobao.com/,包邮双层加厚椅子脚套桌椅脚套凳子脚套椅腿保护套防滑硅胶椅脚套,https://item.taobao.com/item.htm?id=551292517395,外贸袜子直营店,14,,13758519715,0,0,0,0,4.87605分,高于31.42%,4.89076分,高于30.81%,4.89286分,高于29.65%,,,0,
淘宝,汽车电瓶上门安装,https://shop107592994.taobao.com/,骆驼蓄电池老别克老君越老君威新世纪老款GL8陆尊侧桩头汽车电瓶,https://item.taobao.com/item.htm?id=629727074062,辗转一个无望的循环,12,,15957332077,0,0,0,0,4.83695分,持平0.10%,4.83086分,低于0.50%,4.8506分,持平0.15%,,,0,
淘宝,创意视讯支架店,https://shop70361403.taobao.com/,新世纪桌面双屏三屏四屏万向电脑显示器增高支架笔记本支架升降,https://item.taobao.com/item.htm?id=547204013564,xuwenjunguixue,9,13405174736,13773157816,0,0,0,0,4.95918分,高于70.98%,5.0分,高于100.00%,5.0分,高于100.00%,,,0,
淘宝,hotso宏烁影音 数码电,https://shop33442320.taobao.com/,先科新世纪老年人看视频播放器广场跳舞家用小音响插卡听唱戏曲机,https://item.taobao.com/item.htm?id=611542792758,mp3飞飞店,13,021-63095823,13817779979,0,0,0,0,4.72222分,低于2.82%,4.77778分,低于1.99%,4.77778分,低于2.08%,,,0,
淘宝,安顺汽配,https://shop33738009.taobao.com/,别克赛欧凯越新世纪GL8君威瑞纳法雷奥款起启动机马达碳刷架总成,https://item.taobao.com/item.htm?id=543584769673,q龙子,14,13538757284,13538757284,0,0,0,0,4.84909分,低于1.51%,4.84756分,低于1.60%,4.83232分,低于1.95%,,,0,
企业,鳄鱼湾创意营,https://shop36111579.taobao.com/,英国Luckies 可擦拭记事大象 创意备忘大象 礼品备忘录架 Eric,https://item.taobao.com/item.htm?id=542300393777,毛毛虫爬呀爬,14,18603001898,,0,0,0,0,4.88293,低于0.63%,4.92851,高于7.92%,4.92761分,高于8.39%,,,0,
企业,上海璇顺汽车配件江铃,https://shop118414994.taobao.com/,适用新世纪全顺中门锁块 新世代全顺侧门锁块 中控锁 V348中门锁,https://item.taobao.com/item.htm?id=553975894128,上海江铃五十铃服务区,14,64880977,13661863980,0,0,0,0,4.83067,持平0.15%,4.8406,持平0.30%,4.82846分,低于0.60%,,,0,
淘宝,半房杂货,https://shop105796887.taobao.com/,半房 不锈钢速冻降温冰粒冰块威士忌红酒金属冷却模具带冰夹4只装,https://item.taobao.com/item.htm?id=570171995043,pukatime,18,,15356744286,0,0,0,0,4.89864,高于43.88%,4.92656,高于53.39%,4.92247分,高于49.03%,,,0,
淘宝,麦田里的印象,https://shop111214969.taobao.com/,EVA中世纪新世纪福音泥塑社畜发福战士T恤肥宅动漫周边短袖tshirt,https://item.taobao.com/item.htm?id=621956538509,萌轩轩衣品,10,,18351394786,0,0,0,0,4.66667分,低于3.35%,4.85965分,持平0.10%,4.87719分,高于7.16%,,,0,
淘宝,恒生家具工厂直销店,https://shop143483100.taobao.com/,美式酒柜实木酒柜子一体靠墙小型欧式客厅大酒柜家用小酒柜胡桃色,https://item.taobao.com/item.htm?id=559871603263,娄恒辉,11,13809827467,,0,0,0,0,4.95243分,高于44.86%,4.96792分,高于58.68%,4.97235分,高于65.01%,,,0,
淘宝,深圳市康之福烟斗雪茄,https://shop61878569.taobao.com/,新品 原装进口日本世纪SIGLO雪茄打火机带打孔器 迷你便携款充气,https://item.taobao.com/item.htm?id=627578344976,mahanwu552,13,075583138691,15919929393,0,0,0,0,4.9104分,高于37.80%,4.90113分,高于19.47%,4.9001分,高于17.74%,,,0,
天猫,炎煌医学图书专营店,https://shop105431652.taobao.com/,妇产科护理学 第10十版 中医药高等院校教育十三五规划教材(新世纪第三版)供护理学专业用中国中医药出版社9787513233552,https://item.taobao.com/item.htm?id=544221964342,炎煌医学图书专营店,0,,13803375362,0,0,0,100,4.89716分,低于0.59%,4.83346分,低于1.30%,4.81965分,低于1.53%,石家庄炎煌医学图书有限公司,,0,
淘宝,遥控器大世界,https://shop107855286.taobao.com/,适用于先科新世纪网络数字电视机顶盒遥控器宝盒云互动随我控盒子,https://item.taobao.com/item.htm?id=576532793416,一龙堂器材城,14,,18838277761,0,0,0,0,4.90299分,高于31.02%,4.89275分,高于14.21%,4.9分,高于17.02%,,,0,
企业,星原骑行装备直销店,https://shop60730356.taobao.com/,国四新世纪15OCC边箱水冷200CC400CC改装侧箱挂箱街车后备箱尾箱,https://item.taobao.com/item.htm?id=615875507139,ganzi1982,11,18680077886,,0,0,0,0,4.75701,低于1.67%,4.74766,低于2.21%,4.79439分,低于1.30%,,,0,
淘宝,QT动漫社,https://shop107949777.taobao.com/,特价清仓正版海贼王POP路飞2两年后新世界鲁夫手办新世纪模型玩具,https://item.taobao.com/item.htm?id=637170835910,tiantianyingman,12,,15801589951,0,0,0,0,4.85308分,持平0.10%,4.88863分,高于9.23%,4.85782分,持平0.43%,,,0,
淘宝,水星家纺富安娜分销商,https://shop34042203.taobao.com/,水星家纺大红60S长绒棉六件套结婚套件婚庆床品世纪婚礼2020新品,https://item.taobao.com/item.htm?id=627267428886,寒骁2005,12,18580477524,,0,0,0,0,4.9284分,高于60.38%,4.94321分,高于64.03%,4.97284分,高于82.17%,,,0,
淘宝,相信制动品牌自营店,https://shop166077813.taobao.com/,相信Hi-Q别克昂科威荣御昂科雷新世纪大通G10林荫大道前后刹车片,https://item.taobao.com/item.htm?id=634712547824,吴爱我家生活馆,7,18352501386,18352501386,0,0,0,0,4.92568分,高于54.21%,4.92568分,高于48.77%,4.93919分,高于57.34%,,,0,
淘宝,艋眯歉难b部品,https://shop136892304.taobao.com/,日本 TrickStar EVA新世纪福音战士同款联名防水骑行双肩背包35L,https://item.taobao.com/item.htm?id=603372197410,为谁情深0,8,,17051155510,0,0,0,0,4.7分,低于2.85%,4.625分,低于4.74%,4.725分,低于2.73%,,,0,
淘宝,O Studio,https://shop72991366.taobao.com/,GRKC 秋季新款 扎染创世纪长袖国潮牌嘻哈情侣宽松男女中长款卫衣,https://item.taobao.com/item.htm?id=600312788417,hellohzy0918,13,15558002132,18324293122,0,0,0,0,4.79022分,低于0.79%,4.82587分,低于0.74%,4.80855分,低于1.22%,,,0,
淘宝,KN之家,https://shop72071365.taobao.com/,KN之家 适配老君威老君越新世纪 KN高流量空气格空滤空气滤芯清器,https://item.taobao.com/item.htm?id=18197871543,kn之家,14,020-86543276,18665595940,0,0,0,0,4.94021分,高于63.14%,4.9452分,高于62.18%,4.92313分,高于46.00%,,,0,
淘宝,前线动漫,https://shop107145065.taobao.com/,动漫 EVA新世纪福音战士 绫波丽明日香玛丽 二次元抱枕靠枕头周边,https://item.taobao.com/item.htm?id=608420227302,前线动漫,6,18813266122,,0,0,0,0,4.70968分,低于3.01%,4.70968分,低于3.44%,4.83871分,低于0.82%,,,0,
淘宝,魔豆城 Model City,https://shop114173979.taobao.com/,Therezero 3A新世纪福音战士 EVA 2号机 新剧场版 合金成品可动,https://item.taobao.com/item.htm?id=621142795116,玩具管家,11,,15920239095,0,0,0,0,4.96248分,高于73.94%,4.97258分,高于77.65%,4.92496分,高于38.19%,,,0,
淘宝,诚客兵人模玩,https://shop126683796.taobao.com/,1/6兵人李秉宪头雕  亚洲男头雕 终结者5 创世纪守护者 新T1000,https://item.taobao.com/item.htm?id=586762369985,tb72477044,13,,18028646787,0,0,0,0,4.89582分,高于27.67%,4.92795分,高于41.31%,4.91602分,高于30.85%,,,0,
淘宝,BELLEBETTY 小落家,https://shop61144874.taobao.com/,清仓特价LIN 20秋冬新品 世纪黑白配小香宽松羊毛混纺针织开衫,https://item.taobao.com/item.htm?id=628856943749,665879小落,15,4001636290,13566655879,0,0,0,0,4.76794分,低于1.25%,4.83333分,低于0.59%,4.84375分,持平0.49%,,,0,
淘宝,梦洁正品水星家纺品牌,https://shop33762556.taobao.com/,水星家纺大红60S长绒棉六件套结婚套件婚庆床品世纪婚礼2020新品,https://item.taobao.com/item.htm?id=628196051532,初学者fmh,11,19942226039,,0,0,0,0,4.89655分,高于42.72%,4.92118分,高于49.97%,4.93596分,高于57.90%,,,0,
淘宝,七七大队,https://shop36865926.taobao.com/,EVILSET重磅闪粉星星机甲字体T恤hiphop街头风新世纪福音战士短袖,https://item.taobao.com/item.htm?id=638671672098,lsh77,12,,15659023235,0,0,0,0,4.82666分,持平0.10%,4.83287分,低于0.60%,4.83771分,低于0.62%,,,0,
企业,闽鑫汽车电机工厂,https://shop137794927.taobao.com/,新世纪君威GL8/3.0L，陆尊起动机QDJ-811003-BK【12V 1.4KW】,https://item.taobao.com/item.htm?id=638643039017,龙岩闽信公司,9,,13605911860,0,0,0,0,4.91358,高于46.76%,4.8642,高于6.40%,4.7284分,低于2.66%,,,0,
淘宝,两极衣库,https://shop69666305.taobao.com/,蕾丝欧美修身贵妇大摆裙中世纪蓬蓬裙新款英国宫廷礼服大摆型长裙,https://item.taobao.com/item.htm?id=630645125246,liujingli070809,6,,13878157876,0,0,0,0,4.91765,高于52.02%,4.96471,高于74.44%,4.92941分,高于46.64%,,,0,
淘宝,建友轮胎,https://shop113874042.taobao.com/,三角轮胎215/70R15 TR652 TR928别克君威 新世纪皮卡 全顺皮卡,https://item.taobao.com/item.htm?id=592626463150,超级琦爸爸,10,,15097564368,0,0,0,0,4.9分,高于38.39%,4.9分,高于31.07%,4.85分,持平0.15%,,,0,
淘宝,济南天成汽配大全,https://shop70941647.taobao.com/,适配别克新世纪玻璃升降器开关老皇朝赛欧左前摇窗机边窗开关汽车,https://item.taobao.com/item.htm?id=578908816511,济南天成汽配,13,0531-55500699,15153138340,0,0,0,0,4.71429分,低于2.55%,4.72822分,低于2.61%,4.74913分,低于2.23%,,,0,
淘宝,鸿广汽配,https://shop113292726.taobao.com/,适配别克 老君威 老君越 新世纪 皇朝 空调 空气滤芯滤清器格空滤,https://item.taobao.com/item.htm?id=565453336492,小南瓜2218,10,,13290698699,0,0,0,0,4.81061,低于0.56%,4.81818,低于0.76%,4.81061分,低于0.97%,,,0,
天猫,龙门诚慧图书专营店,https://shop145018602.taobao.com/,2020秋新版 英才教程六年级上册语文数学英语全套3本课本同步解读解析完全解读 新世纪英才 字词句段篇 课本全析与语文素质培养,https://item.taobao.com/item.htm?id=599807967184,龙门诚慧图书专营店,0,0371-58696006,15136200579,0,0,0,100,4.95634分,高于40.63%,4.92707分,高于28.99%,4.92359分,高于27.48%,北京龙门诚慧图书有限公司,,0,
天猫,xhff168鑫宏发旗舰店,https://shop102594464.taobao.com/,别克03-08老君威 06-08老君越 新世纪顶吧平衡杆 前顶吧 防侧倾杆,https://item.taobao.com/item.htm?id=565538650506,xhff168鑫宏发旗舰店,0,,13710316862,0,0,0,100,4.86114分,持平,4.84531分,低于0.56%,4.84044分,低于0.78%,广州市快发汽车用品有限公司,,0,
淘宝,车模007汽车模型馆,https://shop36279533.taobao.com/,世纪龙代工 1:18 一汽新红旗HS5 SUV HS5 合金汽车模型收藏摆件,https://item.taobao.com/item.htm?id=603100427943,车模007,12,,13701160907,0,0,0,0,4.88625,高于33.04%,4.88564,高于19.42%,4.92032分,高于40.27%,,,0,
淘宝,水星家纺正品直销店铺,https://shop35816489.taobao.com/,水星家纺60S长绒棉绣花全棉大红六件套婚庆床品世纪婚礼2020新品,https://item.taobao.com/item.htm?id=627661145215,hy8923723,13,,13637145098,0,0,0,0,4.85962,高于22.27%,4.89808,高于35.31%,4.89808分,高于33.00%,,,0,
企业,魅影模型,https://shop103119653.taobao.com/,原厂 1:18 世纪龙 2018新款红旗H5#中国公安警车轿车合金汽车模型,https://item.taobao.com/item.htm?id=597061982448,zenghui0076,9,13712505156,13712505156,0,0,0,0,4.77912,低于1.06%,4.7992,低于1.21%,4.82731分,低于0.81%,,,0,
淘宝,燕山电气商城,https://shop101916930.taobao.com/,长城电器HD13-1500/31 1500A玻板 开启式负荷刀开关 中央上下拉杆,https://item.taobao.com/item.htm?id=528505490380,yanshanbiz,9,0598-3624114,18605980123,0,0,0,0,4.92647分,高于14.79%,4.92647分,高于5.34%,4.86765分,低于1.08%,,,0,
淘宝,德裕冲床配件,https://shop66226031.taobao.com/,疯狂热卖有限公司热销转换开关LW42A2Y-21688ELF5475上海天逸电器,https://item.taobao.com/item.htm?id=18127323066,高端品味2688,12,0514-87465926,13852578887,0,0,0,0,4.9359,高于25.70%,4.94344,高于27.15%,4.92545分,高于5.66%,,,0,
淘宝,晨佳电气销售中心,https://shop66459957.taobao.com/,德力西PC级双电源自动转换开关电器 CDQ0s-63/3 125/4 自动切换,https://item.taobao.com/item.htm?id=624594833282,冷邪寒,12,,13484231543,0,0,0,0,4.90515分,持平0.17%,4.90244分,持平0.40%,4.88556分,低于0.72%,,,0,
淘宝,飞利浦直销金牌店,https://shop61787874.taobao.com/,飞利浦车载充电器一拖二独立开关汽车点烟器一拖二双usb杯式车充,https://item.taobao.com/item.htm?id=550525912299,pengdanling168,13,010-82486196,18511928790,0,0,0,0,4.86927分,高于7.05%,4.88455分,高于7.65%,4.89191分,高于10.31%,,,0,
淘宝,JWD汽车用品企业店,https://shop33194724.taobao.com/,贝尼车载点烟器一拖三独立开关转换插头车载充电器一拖三快充usb,https://item.taobao.com/item.htm?id=531280670548,富贵有鱼7679,11,,18653134393,0,0,0,0,4.91089,高于45.06%,4.92079,高于45.33%,4.92079分,高于44.35%,,,0,
淘宝,MSC标识部件总店,https://shop62126043.taobao.com/,银旋风 节油高效开关式整流器稳压器 单相三相充电器最高功率300W,https://item.taobao.com/item.htm?id=536769682269,batconv,11,,18652175277,0,0,0,0,4.85714分,高于11.99%,4.80451分,低于1.04%,4.76692分,低于1.86%,,,0,
淘宝,公牛插座总汇,https://shop66469640.taobao.com/,公牛定时器插座机械式家用循环自动断电充电器电源控制器智能开关,https://item.taobao.com/item.htm?id=565274276878,正品公牛韩电插座总汇,14,,13615200545,0,0,0,0,4.92517,高于13.28%,4.92407,高于2.25%,4.91564分,持平0.11%,,,0,
淘宝,英雄灯配,https://shop100847402.taobao.com/,复古脚踏开关线实木落地灯具电源线脚踏灯泡控制线台灯小电器双切,https://item.taobao.com/item.htm?id=38450450853,heroine188,13,,13311173588,0,0,0,0,4.84783分,低于1.34%,4.85248分,低于1.42%,4.86925分,低于1.05%,,,0,
淘宝,车迷车品,https://shop57698031.taobao.com/,汽车载行车记录仪电源线miniT头GPS导航仪5V双USB车充电器带开关,https://item.taobao.com/item.htm?id=539927063726,武汉车用品,14,15173600397,,0,0,0,0,4.86393分,高于16.17%,4.86897分,高于9.68%,4.85745分,持平0.10%,,,0,
企业,鸿帆机电有限公司,https://shop124853632.taobao.com/,4050型钢筋箍筋机开关弯箍机电气总成40型50型弯曲机电器开关总成,https://item.taobao.com/item.htm?id=605814380828,陈成1205836246,10,13335626858,13335626858,0,0,0,0,4.88636,低于0.56%,4.90909,持平0.27%,4.87784分,低于0.88%,,,0,
企业,新车族合祥汽摩改装店,https://shop35907244.taobao.com/,游艇房车开关面板改装弧形USB车载充电器面板汽车船三挡控制开关,https://item.taobao.com/item.htm?id=595329411327,wyn0816,13,,15083547880,0,0,0,0,4.89076,高于32.65%,4.90756,高于36.20%,4.89496分,高于26.20%,,,0,
淘宝,温州诺腾安全锁具防护,https://shop106055083.taobao.com/,贝迪电器开关锁具卡箍式中号断路器锁NT-L12断路器锁空气开关锁,https://item.taobao.com/item.htm?id=535442911464,林雷鸣,11,0577-62968228,15825687093,0,0,0,0,4.88395分,低于0.61%,4.89383分,低于0.58%,4.90123分,持平0.40%,,,0,
淘宝,骑士天地品牌形象店,https://shop63363772.taobao.com/,适用铃木骊驰GW250改装DL/GSX250R原装开关式整流器充电器正品件,https://item.taobao.com/item.htm?id=575628985404,江门骑士天地,12,,13414165588,0,0,0,0,4.81424,持平0.48%,4.81115,低于0.90%,4.83901分,持平0.38%,,,0,
淘宝,车诚汽车用品超市,https://shop69583854.taobao.com/,英才星 车载充电器一拖二双USB汽车点烟器一拖三多功能带开关车充,https://item.taobao.com/item.htm?id=540753168196,车生活的梦,17,,13535262436,0,0,0,0,4.75703分,低于1.67%,4.80806分,低于0.97%,4.80643分,低于1.05%,,,0,
淘宝,戒定慧佛具,https://shop33475617.taobao.com/,实木金色精雕龙头手炉 佛事法会手执龙型线香炉 佛教供香炉 包邮,https://item.taobao.com/item.htm?id=559998667063,小绿豆宝贝,11,020-29138928,13668973618,0,0,0,0,5.0分,高于100.00%,5.0分,高于100.00%,5.0分,高于100.00%,,,0,
淘宝,康特居,https://shop100384520.taobao.com/,实木书桌1.2米1.4电脑桌原木水曲柳写字台简约中式家用台式办公桌,https://item.taobao.com/item.htm?id=528633263566,清水石头01,11,15262498469,18762871190,0,0,0,0,4.94488,高于36.12%,4.94488,高于29.04%,4.91339分,持平0.15%,,,0,
淘宝,济南风云阁钱币社,https://shop34691470.taobao.com/,25mm钱币塑料小圆盒 透明硬币盒 抗战、奥运纪念币、伟人币保护盒,https://item.taobao.com/item.htm?id=12347936287,lishaobo225,11,,13006580796,0,0,0,0,4.91919分,高于43.90%,4.84848分,低于0.59%,4.93939分,高于50.09%,,,0,
淘宝,百森办公文教用品商店,https://shop105963288.taobao.com/,A3皮纹纸230克彩色皮纹卡纸A3++皮纹纸 装订彩纸装订封面纸,https://item.taobao.com/item.htm?id=544209941411,北京百森办公配送,17,13366644536,15201114373,0,0,0,0,4.85659分,持平0.10%,4.87801分,高于2.57%,4.87556分,持平0.10%,,,0,
企业,古典音乐星空,https://shop67265708.taobao.com/,,,davidsuo,10,13601767560,,0,0,0,0,4.85263,持平0.10%,4.87368,高于0.93%,4.93617分,高于50.25%,,,0,
淘宝,泰好玩自由行预订,https://shop72472335.taobao.com/,[曼谷杜莎夫人蜡像馆-大门票]泰国Madame Tussauds可订今日,https://item.taobao.com/item.htm?id=19986513534,kevinchenfx,10,,18705923313,0,0,0,0,,,,,,,,,0,
淘宝,亿海书城,https://shop105746241.taobao.com/,,,韶关市亿海贸易有限公司,10,18948829245,18023678669,0,0,0,0,4.81395,低于0.87%,4.83721,低于0.72%,4.72093分,低于3.09%,,,0,
淘宝,鑫星娱乐签名爱豆周边,https://shop101767874.taobao.com/,2020年11月百威啤酒ME3果啤代言 肖战 亲笔签名照片+12寸签名海报,https://item.taobao.com/item.htm?id=631739522524,鑫星娱乐,11,18607385532,,0,0,0,0,4.83179分,低于0.50%,4.84308分,低于0.70%,4.85744分,持平0.43%,,,0,
企业,壹书城,https://shop36638705.taobao.com/,财务管理基础：刘颖主编 大中专文科经管科学出版社9787030555007,https://item.taobao.com/item.htm?id=592030104396,苹果e商店,13,,17688720238,0,0,0,0,4.87218,高于11.22%,4.85338,持平0.39%,4.83019分,低于0.85%,,,0,
企业,大毛孩萌宠馆,https://shop116226776.taobao.com/,大毛孩家斯玛库Smack善玉多益生菌狗粮日本柴犬专用粮护肠胃粮3kg,https://item.taobao.com/item.htm?id=600910872020,mingzhu198311,12,13910478534,18810588632,0,0,0,0,4.95739,高于69.16%,4.9716,高于76.06%,4.9716分,高于75.30%,,,0,
淘宝,北海龙宫水族馆,https://shop100864551.taobao.com/,水质温度测量计水产养殖恒温电子检测仪鱼缸水族箱养鱼水温贴促销,https://item.taobao.com/item.htm?id=613066053382,山村香味,10,,15626287379,0,0,0,0,,,,,,,,,0,
淘宝,启智少儿图书,https://shop33532781.taobao.com/,幼儿园五大领域教材 新版主题教材 幼儿用书托班小班中班大班上下,https://item.taobao.com/item.htm?id=613994312013,stantey,14,15975356996,18023489843,0,0,0,0,4.93413,高于54.25%,4.91018,高于29.55%,4.94012分,高于53.33%,,,0,
